pdb_position,chain,pdb_aa,fasta_position,fasta_aa,mismatch,dN/dS,LRT,p-value,Total_branch_length,structure,rsa,wcn_sc,wcn_ca
,,,1,M,0,,,,,,,,
28.0,A,M,28,M,0,,,,,,0.9241071428571428,0.37445751249700004,0.51661174177
29.0,A,P,29,P,0,,,,,G,0.6729559748427673,0.45282604649700003,0.569351939266
30.0,A,L,30,L,0,,,,,G,0.5223880597014925,0.635349148277,0.743448862617
31.0,A,V,31,V,0,,,,,G,0.3620689655172414,0.601892073888,0.775040770606
32.0,A,V,32,V,0,,,,,T,0.5402298850574713,0.5808707363610001,0.7720973847660001
33.0,A,V,33,V,0,,,,,H,0.3793103448275862,0.663375344231,0.815286610864
34.0,A,L,34,L,0,,,,,H,0.05472636815920398,0.9068279357510001,0.9704670963779999
35.0,A,S,35,S,0,0.923077432774528,-3.745777606989662,1.0,4.025934450006196,H,0.1935483870967742,0.798905204226,0.960828824854
36.0,A,T,36,T,0,,,,,H,0.43604651162790703,0.672401441075,0.875340089256
,,,19,K,0,,,,,,,,
,,,9,L,0,,,,,,,,
,,,8,C,0,,,,,,,,
,,,7,S,0,,,,,,,,
,,,21,T,0,,,,,,,,
37.0,A,I,37,I,0,,,,,H,0.2284263959390863,0.898273812936,1.01477496912
38.0,A,C,38,C,0,,,,,H,0.0658682634730539,1.0141685115299999,1.1295399955399998
39.0,A,L,39,L,0,,,,,H,0.5671641791044776,0.693563294727,0.950102437519
40.0,A,V,40,V,0,,,,,H,0.4137931034482759,0.81745040109,0.991188395336
,,,18,N,0,,,,,,,,
41.0,A,T,41,T,0,,,,,H,0.0,1.19984156687,1.22621512071
,,,16,E,0,,,,,,,,
42.0,A,V,42,V,0,0.09193025939308776,1.027696805692599,0.3107002363526564,0.6631488164992851,H,0.28160919540229884,0.9000225249070001,1.08772626787
43.0,A,G,43,G,0,,,,,H,0.3269230769230769,0.855542785288,0.9909058968150001
44.0,A,L,44,L,0,,,,,H,0.25870646766169153,0.931026712143,1.11036333176
45.0,A,N,45,N,0,,,,,H,0.0,1.21615274464,1.25468306419
46.0,A,L,46,L,0,,,,,H,0.4776119402985074,0.792285125295,1.06927603518
47.0,A,L,47,L,0,,,,,H,0.21393034825870647,0.895439094348,1.0375389802
48.0,A,V,48,V,0,,,,,H,0.0,1.13149364862,1.1568740126600001
,,,20,T,0,,,,,,,,
,,,17,G,0,,,,,,,,
,,,22,M,0,,,,,,,,
49.0,A,L,49,L,0,,,,,H,0.12935323383084574,0.988432890192,1.07557205915
50.0,A,Y,50,Y,0,,,,,H,0.5817490494296578,0.611712496206,0.930276364058
51.0,A,A,51,A,0,,,,,H,0.02325581395348837,0.945927355025,1.01157535276
52.0,A,V,52,V,0,,,,,H,0.057471264367816084,0.956526014351,1.02477854395
53.0,A,R,53,R,0,,,,,H,0.5255474452554745,0.7573305500499999,0.822987323821
54.0,A,S,54,S,0,,,,,H,0.4129032258064516,0.688143823845,0.7600765635169999
55.0,A,E,55,E,0,,,,,,0.3273542600896861,0.6645545586330001,0.813256474545
56.0,A,R,56,R,0,,,,,S,0.7627737226277372,0.437772145229,0.7105890764899999
57.0,A,K,57,K,0,,,,,T,0.6228813559322034,0.568894106258,0.7562054378470001
58.0,A,L,58,L,0,9.555848176237971e-17,2.6218404635877985,0.1054021244285047,0.3219161388658783,T,0.0,0.928606240511,0.959915075026
60.0,A,T,60,T,0,,,,,,0.3779069767441861,0.87376704219,0.94951859426
,,,15,C,0,,,,,,,,
59.0,A,H,59,H,0,,,,,,0.4910714285714286,0.638555571287,0.886847116408
,,,14,M,0,,,,,,,,
61.0,A,V,61,V,0,,,,,G,0.1781609195402299,0.915491593102,1.0075197736100001
67.0,A,V,67,V,0,,,,,H,0.08620689655172414,1.03159728861,1.2222008420000001
,,,23,A,0,,,,,,,,
,,,11,E,0,,,,,,,,
,,,12,D,0,,,,,,,,
62.0,A,G,62,G,0,,,,,G,0.0,1.0857199336,1.1048902205700002
63.0,A,N,63,N,0,,,,,G,0.035897435897435895,1.05358865796,1.1606448162
64.0,A,L,64,L,0,,,,,H,0.20895522388059698,0.946375371981,1.15073876123
65.0,A,Y,65,Y,0,,,,,H,0.04182509505703422,1.10922647175,1.27602752371
66.0,A,I,66,I,0,,,,,H,0.005076142131979695,1.1738322032600002,1.2743901009899998
68.0,A,S,68,S,0,,,,,H,0.03870967741935484,1.18600402236,1.25157575545
69.0,A,L,69,L,0,1.0281458224475221e-15,-6.09003041972457,1.0,0.2048451598847617,H,0.009950248756218905,1.30532670779,1.3756619112700001
70.0,A,S,70,S,0,,,,,H,0.0,1.1970401290200001,1.33304609395
71.0,A,V,71,V,0,,,,,H,0.26436781609195403,1.0272212946200001,1.215436861
72.0,A,A,72,A,0,,,,,H,0.0,1.3347060451600001,1.34368206331
78.0,A,A,78,A,0,,,,,I,0.4418604651162791,0.9202620756190001,1.05303380084
,,,13,K,0,,,,,,,,
73.0,A,D,73,D,0,,,,,H,0.02072538860103627,1.36266919116,1.3917000359099998
74.0,A,L,74,L,0,,,,,H,0.1791044776119403,1.0066103639200001,1.2738432303899998
75.0,A,I,75,I,0,,,,,H,0.26903553299492383,1.04729333124,1.19425681343
76.0,A,V,76,V,0,,,,,I,0.02873563218390805,1.3084253104899999,1.32809151093
77.0,A,G,77,G,0,,,,,I,0.0,1.20152378763,1.27670053423
79.0,A,V,79,V,0,,,,,I,0.25862068965517243,0.945167545533,1.07668286269
,,,24,S,0,,,,,,,,
80.0,A,V,80,V,0,,,,,I,0.005747126436781609,1.18166618961,1.21689426972
84.0,A,N,84,N,0,,,,,H,0.05128205128205128,1.01626986972,1.08681474866
87.0,A,Y,87,Y,0,,,,,H,0.11787072243346007,0.851602861335,0.968863179312
,,,3,L,0,,,,,,,,
85.0,A,I,85,I,0,,,,,H,0.116751269035533,0.884368405008,1.00474956831
86.0,A,L,86,L,0,,,,,H,0.3681592039800995,0.717382016904,0.9195276036200001
,,,2,S,0,,,,,,,,
,,,26,Q,0,,,,,,,,
81.0,A,M,81,M,0,,,,,H,0.0,1.19998299531,1.19690672483
82.0,A,P,82,P,0,,,,,H,0.29559748427672955,0.920428007037,1.0214391013200002
83.0,A,M,83,M,0,,,,,H,0.1875,0.8884916393119999,1.02590421281
,,,27,L,0,,,,,,,,
88.0,A,L,88,L,0,,,,,H,0.41791044776119396,0.794897988844,0.874892491812
89.0,A,L,89,L,0,,,,,H,0.5870646766169154,0.568420668986,0.7531707987720001
90.0,A,M,90,M,0,,,,,S,0.3883928571428572,0.554847714688,0.7321819931119999
91.0,A,S,91,S,0,,,,,S,0.5032258064516129,0.550120582564,0.729439295746
92.0,A,K,92,K,0,,,,,S,0.6949152542372882,0.46483371126100004,0.714708732088
93.0,A,W,93,W,0,,,,,,0.2350877192982456,0.7338502515209999,0.81062091642
94.0,A,S,94,S,0,,,,,S,0.535483870967742,0.5790423726030001,0.677965363742
95.0,A,L,95,L,0,,,,,S,0.0845771144278607,0.8622541112919999,0.7972914337970001
96.0,A,G,96,G,0,,,,,H,0.2980769230769231,0.628427020285,0.717481447281
97.0,A,R,97,R,0,,,,,H,0.583941605839416,0.57251806765,0.718575835196
98.0,A,P,98,P,0,,,,,H,0.6855345911949685,0.539288792227,0.719564724969
99.0,A,L,99,L,0,9.555848176237971e-17,0.5561150773372745,0.45582978579696504,0.2375454503399398,H,0.4477611940298508,0.667561902007,0.8590361778460001
100.0,A,C,100,C,0,,,,,H,0.02395209580838324,0.958470144632,0.990284219465
101.0,A,L,101,L,0,,,,,H,0.22388059701492535,0.759752318419,0.966522119064
102.0,A,F,102,F,0,,,,,H,0.5125,0.7693860491869999,0.9928673829539999
103.0,A,W,103,W,0,,,,,H,0.010526315789473684,1.04243078706,1.1171782262999999
,,,4,P,0,,,,,,,,
104.0,A,L,104,L,0,,,,,H,0.03482587064676617,1.00270136484,1.13104092252
106.0,A,M,106,M,0,,,,,H,0.07589285714285714,0.994245218812,1.18736019889
107.0,A,D,107,D,0,,,,,H,0.09844559585492227,1.1451665315100001,1.23981815974
108.0,A,Y,108,Y,0,,,,,H,0.1064638783269962,1.06881406277,1.21587799941
109.0,A,V,109,V,0,,,,,H,0.005747126436781609,1.07631239943,1.26472053524
110.0,A,A,110,A,0,,,,,H,0.015503875968992246,1.2491070095299999,1.3370964047
111.0,A,S,111,S,0,,,,,H,0.15483870967741936,1.2255214189299999,1.32149928202
112.0,A,T,112,T,0,,,,,H,0.04651162790697674,1.16607498924,1.29933774176
113.0,A,A,113,A,0,,,,,H,0.015503875968992246,1.2875630727200003,1.35733473979
114.0,A,S,114,S,0,,,,,H,0.01935483870967742,1.3497142501800001,1.39477555766
115.0,A,I,115,I,0,,,,,H,0.015228426395939087,1.16346368542,1.31407986142
116.0,A,F,116,F,0,,,,,H,0.12083333333333332,1.0670204463500002,1.2985757656
,,,10,L,0,,,,,,,,
,,,25,P,0,,,,,,,,
,,,5,N,0,,,,,,,,
105.0,A,S,105,S,0,0.5458648225281524,-3.1950459187658415,1.0,2.232632331288065,H,0.012903225806451613,0.994146653294,1.1545820017100001
117.0,A,S,117,S,0,,,,,H,0.0064516129032258064,1.27039776846,1.36156654852
118.0,A,V,118,V,0,,,,,H,0.005747126436781609,1.21486323356,1.32849068775
119.0,A,F,119,F,0,,,,,H,0.15416666666666667,0.9742516452969999,1.24476909135
120.0,A,I,120,I,0,,,,,H,0.17258883248730966,1.03758151526,1.20541368302
,,,6,S,0,,,,,,,,
,,,242,E,0,,,,,,,,
,,,243,N,0,,,,,,,,
121.0,A,L,121,L,0,,,,,H,0.009950248756218905,1.17645948159,1.27054849031
123.0,A,I,123,I,0,,,,,H,0.3045685279187817,0.876858334632,1.08516967509
124.0,A,D,124,D,0,,,,,H,0.02072538860103627,1.05174303699,1.11288568158
125.0,A,R,125,R,0,,,,,H,0.09124087591240876,1.0968831302,1.1396120924600002
126.0,A,Y,126,Y,0,,,,,H,0.2129277566539924,0.777006848477,1.0637864566700002
127.0,A,R,127,R,0,,,,,H,0.08759124087591241,0.859212569519,0.944075577699
128.0,A,S,128,S,0,9.555848176237971e-17,8.827289957262577,0.002967587620676282,0.4308888848850772,H,0.13548387096774195,0.899638021736,0.9911075563700001
129.0,A,V,129,V,0,4.004733053112191e-17,2.615694572246792,0.1058111860218519,0.5048122030955308,H,0.11494252873563217,0.8531987896719999,0.937097672599
130.0,A,Q,130,Q,0,,,,,H,0.5466666666666666,0.632538653679,0.7868078504639999
,,,239,L,0,,,,,,,,
122.0,A,C,122,C,0,,,,,H,0.00598802395209581,1.0567885634899998,1.22161141573
131.0,A,Q,131,Q,0,,,,,,0.3466666666666667,0.581425171955,0.744832727578
132.0,A,P,132,P,0,,,,,S,0.6855345911949685,0.55776004255,0.7222806300519999
133.0,A,L,133,L,0,,,,,,0.6019900497512438,0.440389798183,0.633168532738
139.0,A,R,139,R,0,,,,,S,0.2883211678832117,0.9145905782200001,0.8890701356899999
,,,237,I,0,,,,,,,,
134.0,A,R,134,R,0,,,,,,0.2043795620437956,0.731983248002,0.7468048611220001
135.0,A,Y,135,Y,0,,,,,T,0.6920152091254753,0.40523856737899994,0.624383039151
136.0,A,L,136,L,0,,,,,T,0.41791044776119396,0.529209217622,0.5911441320549999
137.0,A,K,137,K,0,,,,,T,0.6059322033898306,0.46733622827200005,0.683527186962
138.0,A,Y,138,Y,0,,,,,T,0.2661596958174905,0.7226293365009999,0.823014970115
140.0,A,T,140,T,0,,,,,S,0.23837209302325585,0.6540511603670001,0.860257075553
141.0,A,K,141,K,0,,,,,H,0.652542372881356,0.604871948798,0.852422907083
,,,241,P,0,,,,,,,,
,,,240,R,0,,,,,,,,
142.0,A,T,142,T,0,,,,,H,0.5872093023255814,0.5685149266089999,0.753811890596
,,,169,M,0,,,,,,,,
,,,174,V,0,,,,,,,,
,,,222,Q,0,,,,,,,,
143.0,A,R,143,R,0,,,,,H,0.42700729927007297,0.661033719061,0.893956496833
144.0,A,A,144,A,0,,,,,H,0.0,0.9632665587479999,1.04826757065
145.0,A,S,145,S,0,,,,,H,0.3290322580645161,0.7940950825319999,0.960129125071
146.0,A,A,146,A,0,,,,,H,0.4728682170542636,0.7041788532050001,0.878053588105
147.0,A,T,147,T,0,,,,,H,0.313953488372093,0.8821554232179999,1.0105539212
148.0,A,I,148,I,0,,,,,H,0.18274111675126906,0.991698782328,1.11926270152
149.0,A,L,149,L,0,,,,,H,0.6766169154228856,0.672288312643,0.955326068203
150.0,A,G,150,G,0,,,,,H,0.36538461538461536,0.793838598272,0.9292376986249999
151.0,A,A,151,A,0,,,,,H,0.10852713178294572,1.0387612851399999,1.11234751669
152.0,A,W,152,W,0,,,,,H,0.17894736842105266,1.0690949884799998,1.10022532862
,,,171,Q,0,,,,,,,,
158.0,A,W,158,W,0,,,,,G,0.059649122807017535,1.0319693914,1.0582466502299999
159.0,A,V,159,V,0,,,,,H,0.2241379310344828,0.8609166988979999,0.974764349018
160.0,A,I,160,I,0,,,,,H,0.5685279187817259,0.6513351987439999,0.8317354115700001
161.0,A,P,161,P,0,,,,,H,0.2389937106918239,0.811442478936,0.890230111977
164.0,A,G,164,G,0,,,,,,0.3076923076923077,0.6712688235500001,0.755193752928
165.0,A,W,165,W,0,,,,,,0.5157894736842106,0.536778425931,0.654009964447
166.0,A,N,166,N,0,,,,,,0.7076923076923077,0.43100832318300003,0.526882856558
,,,170,Q,0,,,,,,,,
153.0,A,F,153,F,0,,,,,H,0.6208333333333333,0.6247138907509999,0.9319074449429999
154.0,A,L,154,L,0,,,,,H,0.4726368159203979,0.812015552349,0.973771969123
155.0,A,S,155,S,0,,,,,H,0.0,1.13701456409,1.17882246049
156.0,A,F,156,F,0,,,,,G,0.4041666666666667,0.8585614151469999,1.0315477924
157.0,A,L,157,L,0,,,,,G,0.4029850746268657,0.726463380908,0.929988554162
162.0,A,I,162,I,0,,,,,H,0.02030456852791878,0.951605465798,0.966773529559
,,,168,F,0,,,,,,,,
,,,173,S,0,,,,,,,,
163.0,A,L,163,L,0,,,,,H,0.482587064676617,0.640636397723,0.776270689624
167.0,A,H,167,H,0,,,,,,0.9017857142857144,0.458341412599,0.505902876235
,,,238,K,0,,,,,,,,
,,,226,L,0,,,,,,,,
,,,223,H,0,,,,,,,,
175.0,A,R,175,R,0,,,,,,0.7700729927007299,0.510628089661,0.599616573539
176.0,A,R,176,R,0,,,,,,0.4708029197080292,0.6449639950289999,0.712072727412
177.0,A,E,177,E,0,,,,,S,0.7488789237668162,0.5538980535679999,0.752454630909
178.0,A,D,178,D,0,,,,,S,0.3056994818652849,0.85573508387,0.884044486885
179.0,A,K,179,K,0,,,,,S,0.13135593220338984,0.9950598328679999,0.966443814783
,,,229,R,0,0.4184545199661124,0.3145058995916941,0.5749282581774959,2.561873297379111,,,,
,,,232,P,0,,,,,,,,
180.0,A,C,180,C,0,,,,,S,0.09580838323353294,1.0150852555399998,0.94730525799
181.0,A,E,181,E,0,,,,,,0.07623318385650224,0.817558603137,0.935452424748
182.0,A,T,182,T,0,,,,,,0.0,0.974702150115,0.983819114913
186.0,A,D,186,D,0,,,,,T,0.5544041450777202,0.577373469344,0.7474066279770001
,,,231,L,0,,,,,,,,
,,,230,S,0,,,,,,,,
183.0,A,D,183,D,0,,,,,S,0.3212435233160621,0.7160826977150001,0.857966665411
184.0,A,F,184,F,0,,,,,,0.07083333333333333,0.914600674327,0.8815132319519999
185.0,A,Y,185,Y,0,,,,,T,0.19391634980988592,0.755010906815,0.895313646346
,,,228,N,0,,,,,,,,
187.0,A,V,187,V,0,,,,,,0.27586206896551724,0.658119922661,0.7987363579160001
188.0,A,T,188,T,0,,,,,H,0.4244186046511628,0.64568059718,0.8359263283730001
190.0,A,F,190,F,0,,,,,H,0.175,0.817114852658,0.857309115572
191.0,A,K,191,K,0,,,,,H,0.15254237288135594,0.882870870345,0.985253294282
192.0,A,V,192,V,0,,,,,H,0.3448275862068966,0.716137383063,0.939495460616
193.0,A,M,193,M,0,,,,,H,0.44642857142857145,0.656170650897,0.884147154533
194.0,A,T,194,T,0,,,,,H,0.12209302325581395,0.9392836988500001,1.0175026918799999
195.0,A,A,195,A,0,,,,,H,0.062015503875968984,0.927679077093,1.0748214047799998
196.0,A,I,196,I,0,,,,,I,0.4416243654822335,0.7342024593359999,1.01730545459
197.0,A,I,197,I,0,,,,,I,0.4822335025380711,0.7670147318880001,0.961246233947
,,,224,R,0,,,,,,,,
189.0,A,W,189,W,0,,,,,H,0.5298245614035088,0.5508280381499999,0.742609020155
198.0,A,N,198,N,0,,,,,I,0.1076923076923077,1.02348176604,1.10648838225
199.0,A,F,199,F,0,,,,,I,0.016666666666666666,1.08508076625,1.1501126231399998
200.0,A,Y,200,Y,0,,,,,I,0.22433460076045628,0.855818406159,1.0214713241
201.0,A,L,201,L,0,,,,,H,0.4328358208955224,0.742414837162,0.960753372744
202.0,A,P,202,P,0,,,,,H,0.0440251572327044,1.0066123593,1.0913715349600002
203.0,A,T,203,T,0,,,,,H,0.05813953488372092,0.9816916791920001,1.10222699028
204.0,A,L,204,L,0,,,,,H,0.5970149253731343,0.674928183635,0.938461467603
205.0,A,L,205,L,0,,,,,H,0.3880597014925373,0.737506948785,0.953365694265
206.0,A,M,206,M,0,,,,,H,0.0,1.09422312796,1.12650140753
207.0,A,L,207,L,0,,,,,H,0.4427860696517413,0.800906462381,1.0068554088
,,,235,S,0,,,,,,,,
,,,236,E,0,,,,,,,,
,,,234,F,0,,,,,,,,
,,,225,E,0,,,,,,,,
208.0,A,W,208,W,0,,,,,H,0.5578947368421052,0.581932636934,0.8837356871940001
209.0,A,F,209,F,0,,,,,H,0.1875,0.809579289058,0.991619395309
210.0,A,Y,210,Y,0,,,,,H,0.18631178707224336,0.9405152304350001,1.07265773376
211.0,A,A,211,A,0,,,,,H,0.5116279069767442,0.659602812066,0.880048100538
213.0,A,I,213,I,0,,,,,H,0.01015228426395939,0.93014904784,1.01354110501
214.0,A,Y,214,Y,0,,,,,H,0.44866920152091255,0.6464321792409999,0.9119349221940001
215.0,A,K,215,K,0,,,,,H,0.652542372881356,0.48779547377099997,0.768211774858
216.0,A,A,216,A,0,,,,,H,0.3643410852713178,0.713165592903,0.783640588263
217.0,A,V,217,V,0,,,,,S,0.057471264367816084,0.7831126728919999,0.817639325023
218.0,A,R,218,R,0,,,,,,0.5693430656934306,0.517624731525,0.702866616899
219.0,A,Q,219,Q,0,,,,,,0.6,0.405955095246,0.574190912
220.0,A,H,220,H,0,,,,,,0.4910714285714286,0.559268734639,0.551223071868
,,,233,S,0,,,,,,,,
,,,227,I,0,,,,,,,,
212.0,A,K,212,K,0,,,,,H,0.3389830508474576,0.632193465322,0.874988449931
221.0,A,C,221,C,0,,,,,,0.844311377245509,0.370760711806,0.41591847155199996
,,,172,T,0,,,,,,,,
,,,244,P,0,,,,,,,,
,,,385,D,0,,,,,,,,
,,,246,G,0,,,,,,,,
,,,247,D,0,,,,,,,,
,,,248,A,0,,,,,,,,
,,,249,K,0,,,,,,,,
,,,250,K,0,,,,,,,,
,,,251,P,0,,,,,,,,
,,,252,G,0,,,,,,,,
,,,253,K,0,,,,,,,,
,,,254,E,0,,,,,,,,
,,,255,S,0,,,,,,,,
,,,256,P,0,,,,,,,,
,,,257,W,0,,,,,,,,
,,,258,E,0,,,,,,,,
,,,259,V,0,,,,,,,,
,,,260,L,0,,,,,,,,
,,,261,K,0,,,,,,,,
,,,262,R,0,,,,,,,,
,,,263,K,0,0.2838045877581677,1.1771643485989223,0.2779340348004027,2.4729204370732947,,,,
,,,264,P,0,,,,,,,,
,,,265,K,0,,,,,,,,
,,,266,D,0,,,,,,,,
,,,267,A,0,,,,,,,,
,,,268,G,0,,,,,,,,
,,,269,G,0,,,,,,,,
,,,270,G,0,,,,,,,,
,,,271,S,0,,,,,,,,
,,,272,V,0,,,,,,,,
,,,273,L,0,,,,,,,,
,,,274,K,0,,,,,,,,
,,,275,S,0,,,,,,,,
,,,276,P,0,,,,,,,,
,,,277,S,0,,,,,,,,
,,,278,Q,0,,,,,,,,
,,,279,T,0,,,,,,,,
,,,280,P,0,,,,,,,,
,,,281,K,0,,,,,,,,
,,,282,E,0,,,,,,,,
,,,283,M,0,,,,,,,,
,,,284,K,0,,,,,,,,
,,,285,S,0,0.6346348292359991,-0.08158114971067221,1.0,3.1903746051090938,,,,
,,,286,P,0,,,,,,,,
,,,287,V,0,,,,,,,,
,,,288,V,0,,,,,,,,
,,,289,F,0,,,,,,,,
,,,290,S,0,,,,,,,,
,,,291,Q,0,,,,,,,,
,,,292,E,0,,,,,,,,
,,,293,D,0,,,,,,,,
,,,294,D,0,,,,,,,,
,,,295,R,0,,,,,,,,
,,,296,E,0,0.1684472706614069,-0.05691352926996274,1.0,3.088247796338069,,,,
,,,297,V,0,,,,,,,,
,,,298,D,0,,,,,,,,
,,,299,K,0,,,,,,,,
,,,300,L,0,,,,,,,,
,,,301,Y,0,,,,,,,,
,,,302,C,0,,,,,,,,
,,,303,F,0,0.4252791751007524,0.8051036477126914,0.3695718299816124,2.8969528763428487,,,,
,,,304,P,0,,,,,,,,
,,,305,L,0,,,,,,,,
,,,306,D,0,,,,,,,,
,,,307,I,0,,,,,,,,
,,,308,V,0,,,,,,,,
,,,309,H,0,,,,,,,,
,,,310,M,0,,,,,,,,
,,,311,Q,0,,,,,,,,
,,,312,A,0,,,,,,,,
,,,313,A,0,,,,,,,,
,,,314,A,0,,,,,,,,
,,,315,E,0,,,,,,,,
,,,316,G,0,,,,,,,,
,,,317,S,0,,,,,,,,
,,,318,S,0,,,,,,,,
,,,319,R,0,,,,,,,,
,,,320,D,0,,,,,,,,
,,,321,Y,0,,,,,,,,
,,,322,V,0,,,,,,,,
,,,323,A,0,,,,,,,,
,,,324,V,0,,,,,,,,
,,,325,N,0,,,,,,,,
,,,326,R,0,,,,,,,,
,,,327,S,0,,,,,,,,
,,,328,H,0,,,,,,,,
,,,329,G,0,,,,,,,,
,,,330,Q,0,,,,,,,,
,,,331,L,0,,,,,,,,
,,,332,K,0,,,,,,,,
,,,333,T,0,,,,,,,,
,,,334,D,0,,,,,,,,
,,,335,E,0,,,,,,,,
,,,336,Q,0,,,,,,,,
,,,337,G,0,,,,,,,,
,,,338,L,0,,,,,,,,
,,,339,N,0,,,,,,,,
,,,340,T,0,,,,,,,,
,,,341,H,0,,,,,,,,
,,,342,G,0,,,,,,,,
,,,343,A,0,,,,,,,,
,,,344,S,0,1.07301059938287,1.084485055438606,0.2976963808208556,4.754426435731019,,,,
,,,345,E,0,,,,,,,,
,,,346,I,0,,,,,,,,
,,,347,S,0,,,,,,,,
,,,348,E,0,,,,,,,,
,,,349,D,0,,,,,,,,
,,,350,Q,0,,,,,,,,
,,,351,M,0,,,,,,,,
,,,352,L,0,,,,,,,,
,,,353,G,0,,,,,,,,
,,,354,D,0,,,,,,,,
,,,355,S,0,,,,,,,,
,,,356,Q,0,,,,,,,,
,,,357,S,0,,,,,,,,
,,,358,F,0,,,,,,,,
,,,359,S,0,,,,,,,,
,,,360,R,0,,,,,,,,
,,,361,T,0,,,,,,,,
,,,362,D,0,,,,,,,,
,,,363,S,0,,,,,,,,
,,,364,D,0,,,,,,,,
,,,486,R,0,,,,,,,,
,,,245,K,0,,,,,,,,
,,,367,T,0,,,,,,,,
,,,388,K,0,,,,,,,,
,,,389,F,0,,,,,,,,
,,,378,S,0,,,,,,,,
,,,379,G,0,,,,,,,,
,,,377,R,0,,,,,,,,
405.0,A,L,405,L,0,,,,,,0.4676616915422885,0.536955850691,0.49941518056999995
406.0,A,H,406,H,0,,,,,,0.7008928571428571,0.383526982802,0.585807457935
407.0,A,M,407,M,0,,,,,,0.4642857142857143,0.614921130606,0.733917063925
408.0,A,N,408,N,0,,,,,H,0.4461538461538462,0.5526765742549999,0.768756360686
409.0,A,R,409,R,0,,,,,H,0.8175182481751825,0.536346841298,0.8339762352779999
,,,376,L,0,,,,,,,,
410.0,A,E,410,E,0,,,,,H,0.23318385650224216,0.755041551545,0.970986629827
412.0,A,K,412,K,0,0.08850789505659559,3.1347246615986846,0.07664132689982239,1.069093705510529,H,0.3855932203389831,0.700221705499,0.949580476361
,,,365,T,0,,,,,,,,
413.0,A,A,413,A,0,,,,,H,0.18604651162790695,0.9425315296700001,1.0826054984
,,,391,W,0,,,,,,,,
,,,390,T,0,,,,,,,,
,,,392,K,0,,,,,,,,
,,,374,G,0,,,,,,,,
,,,393,R,0,,,,,,,,
411.0,A,R,411,R,0,,,,,H,0.12408759124087593,0.6981071131029999,0.946251856172
,,,386,Y,0,,,,,,,,
414.0,A,A,414,A,0,,,,,H,0.06976744186046513,0.8991789589020001,1.10242695346
416.0,A,Q,416,Q,0,,,,,H,0.013333333333333334,1.06328030848,1.15001100441
,,,383,G,0,,,,,,,,
422.0,A,A,422,A,0,,,,,H,0.4418604651162791,0.875369602739,1.05825460238
,,,382,T,0,,,,,,,,
415.0,A,K,415,K,0,,,,,H,0.4110169491525424,0.775726635549,1.01085174084
417.0,A,L,417,L,0,,,,,H,0.0,1.13368747107,1.2074369744
418.0,A,G,418,G,0,,,,,H,0.1346153846153846,0.995384133414,1.1060081878799999
419.0,A,F,419,F,0,,,,,H,0.2958333333333333,0.8827315261299999,1.09306740398
420.0,A,I,420,I,0,,,,,H,0.0,1.18893934565,1.23361399001
421.0,A,M,421,M,0,,,,,H,0.049107142857142856,1.08992399601,1.20014351596
423.0,A,A,423,A,0,,,,,H,0.09302325581395347,1.09827889332,1.15266246575
424.0,A,F,424,F,0,,,,,H,0.016666666666666666,1.23081319359,1.2476576907299999
425.0,A,I,425,I,0,,,,,H,0.16751269035532995,0.9677811413580001,1.11449351225
426.0,A,L,426,L,0,,,,,H,0.6368159203980099,0.7880627677490001,1.00722768385
427.0,A,C,427,C,0,,,,,H,0.02994011976047904,1.1106558033299998,1.18210410681
428.0,A,W,428,W,0,,,,,H,0.07017543859649122,1.21445808555,1.21031887491
429.0,A,I,429,I,0,,,,,H,0.3451776649746193,0.846731071099,1.06513258175
430.0,A,P,430,P,0,,,,,H,0.2327044025157233,0.8668820463600001,0.9817405037829999
431.0,A,Y,431,Y,0,,,,,H,0.08745247148288972,1.05235976025,1.12832795453
,,,384,L,0,,,,,,,,
,,,380,S,0,,,,,,,,
432.0,A,F,432,F,0,,,,,H,0.13333333333333333,1.07504508597,1.09384234861
433.0,A,I,433,I,0,,,,,H,0.4060913705583756,0.715274987569,0.948174582904
434.0,A,F,434,F,0,,,,,H,0.09583333333333334,0.843096458405,0.9847495960989999
435.0,A,F,435,F,0,,,,,H,0.1125,0.9623126664560001,1.02425740767
437.0,A,V,437,V,0,,,,,H,0.3505747126436782,0.690991998714,0.838393488567
438.0,A,I,438,I,0,,,,,H,0.2284263959390863,0.810116871239,0.904429375696
439.0,A,A,439,A,0,,,,,H,0.24031007751937986,0.710996660488,0.84793131902
440.0,A,F,440,F,0,,,,,H,0.8416666666666667,0.414464297235,0.668910341202
441.0,A,C,441,C,0,,,,,H,0.38323353293413176,0.644123592496,0.6852843875139999
442.0,A,K,442,K,0,,,,,S,0.3516949152542373,0.509832508304,0.682047376233
443.0,A,N,443,N,0,,,,,,0.4256410256410256,0.6509531252130001,0.739440899746
,,,381,N,0,,,,,,,,
,,,387,I,0,,,,,,,,
436.0,A,M,436,M,0,,,,,H,0.5535714285714286,0.6476507659049999,0.8899273437
444.0,A,C,444,C,0,,,,,,0.4550898203592814,0.6394391407710001,0.665631541121
445.0,A,C,445,C,0,,,,,S,0.4251497005988024,0.609839420343,0.683242198853
446.0,A,N,446,N,0,,,,,,0.5794871794871795,0.530249466255,0.701338261655
,,,398,S,0,0.2480541881237318,1.4048827392972432,0.2359077487282929,1.652390225753232,,,,
464.0,A,N,464,N,0,,,,,H,0.0,1.2684100007799999,1.2569390814799999
,,,366,T,0,,,,,,,,
,,,399,R,0,,,,,,,,
456.0,A,L,456,L,0,,,,,H,0.22388059701492535,0.9242462064650001,1.15947515308
457.0,A,G,457,G,0,,,,,H,0.02884615384615385,1.19233880274,1.2875303353
458.0,A,Y,458,Y,0,,,,,H,0.026615969581749048,1.18541077645,1.27993540817
459.0,A,I,459,I,0,,,,,H,0.20812182741116755,0.972782670367,1.2004105277200001
460.0,A,N,460,N,0,,,,,H,0.005128205128205128,1.27352753483,1.2946013204
461.0,A,S,461,S,0,,,,,H,0.0064516129032258064,1.33489441625,1.34927896407
462.0,A,T,462,T,0,,,,,H,0.0872093023255814,1.09842218913,1.23026340257
463.0,A,L,463,L,0,,,,,H,0.3283582089552239,0.958215238363,1.1591868019
,,,396,S,0,,,,,,,,
,,,404,G,0,,,,,,,,
455.0,A,W,455,W,0,,,,,H,0.003508771929824561,1.05634281927,1.16112582739
,,,402,V,0,,,,,,,,
449.0,A,L,449,L,0,,,,,T,0.27860696517412936,0.700502124867,0.8448442087279999
,,,401,Y,0,,,,,,,,
448.0,A,H,448,H,0,,,,,T,0.6607142857142857,0.559790123192,0.764187037415
450.0,A,H,450,H,0,,,,,H,0.125,0.9231505622730001,0.9878614798659999
451.0,A,M,451,M,0,,,,,H,0.20089285714285715,0.8597090657940001,1.0012228831799999
452.0,A,F,452,F,0,6.740639792367022e-18,2.9440774143442052,0.08619290425491266,0.2494415809499179,H,0.44583333333333336,0.745008523019,1.00505204474
453.0,A,T,453,T,0,,,,,H,0.11627906976744184,0.921122973046,1.10965210403
454.0,A,I,454,I,0,,,,,H,0.12690355329949238,1.03921937595,1.1562847610200002
,,,400,Q,0,,,,,,,,
447.0,A,E,447,E,0,,,,,T,0.2869955156950673,0.766761899983,0.8358568058689999
,,,403,S,0,,,,,,,,
465.0,A,P,465,P,0,,,,,H,0.006289308176100629,1.14990406082,1.20705827752
466.0,A,L,466,L,0,,,,,H,0.4875621890547264,0.820784475188,1.0420641499299999
467.0,A,I,467,I,0,,,,,H,0.05583756345177665,1.04014943761,1.1069962446200001
480.0,A,K,480,K,0,,,,,H,0.5042372881355932,0.542305243596,0.779017609129
481.0,A,R,481,R,0,,,,,H,0.22262773722627735,0.550103792216,0.727030049894
482.0,A,I,482,I,0,,,,,H,0.350253807106599,0.666841065029,0.770404423591
483.0,A,L,483,L,0,9.555848176237971e-17,-2.830889896094867,1.0,0.9903438888691518,H,0.6467661691542289,0.581585032553,0.692444217908
484.0,A,H,484,H,0,,,,,T,0.7053571428571429,0.42414295148599995,0.564024739089
485.0,A,I,485,I,0,,,,,,0.9543147208121828,0.37057813624700003,0.526947938666
,,,394,L,0,,,,,,,,
,,,375,K,0,,,,,,,,
,,,373,K,0,,,,,,,,
476.0,A,K,476,K,0,,,,,H,0.3432203389830508,0.630262120942,0.95435246995
477.0,A,K,477,K,0,,,,,H,0.690677966101695,0.519157692034,0.8137603396449999
478.0,A,T,478,T,0,,,,,H,0.10465116279069768,0.8240480703090001,0.90595171949
479.0,A,F,479,F,0,,,,,H,0.0875,0.943610409997,0.933795434942
,,,397,H,0,,,,,,,,
,,,372,G,0,,,,,,,,
471.0,A,C,471,C,0,,,,,H,0.02395209580838324,0.9505247458670001,0.974050672506
472.0,A,N,472,N,0,,,,,,0.21025641025641026,0.9275144740979999,1.01673582207
473.0,A,E,473,E,0,,,,,H,0.4663677130044843,0.609658757619,0.848397236565
474.0,A,N,474,N,0,,,,,H,0.3384615384615385,0.7409014022660001,0.8801043863019999
475.0,A,F,475,F,0,,,,,H,0.0,1.05205255094,1.05002511119
,,,368,E,0,,,,,,,,
,,,369,T,0,,,,,,,,
470.0,A,L,470,L,0,,,,,H,0.5124378109452736,0.741764741582,0.8904738813799999
,,,370,A,0,,,,,,,,
,,,371,P,0,,,,,,,,
468.0,A,Y,468,Y,0,,,,,H,0.0,1.17867499578,1.1430101909000001
469.0,A,P,469,P,0,,,,,H,0.1761006289308176,0.885320614739,1.0606385221799999
,,,395,R,0,,,,,,,,
,,,487,S,0,,,,,,,,
