fasta_position,fasta_aa,r4s_rate,msa
1,M,-0.4905,23/23
2,S,0.022,23/23
3,L,1.464,23/23
4,P,0.6691,23/23
5,N,-0.4763,23/23
6,S,0.0615,23/23
7,S,-0.74,23/23
8,C,1.429,23/23
9,L,4.4522,23/23
10,L,3.2425,23/23
11,E,-0.74,23/23
12,D,-0.4763,23/23
13,K,0.8254,23/23
14,M,-0.74,23/23
15,C,-0.4905,23/23
16,E,-0.74,23/23
17,G,0.3892,23/23
18,N,-0.74,23/23
19,K,0.0669,23/23
20,T,-0.74,23/23
21,T,0.8181,23/23
22,M,1.1951,23/23
23,A,-0.2269,23/23
24,S,1.729,23/23
25,P,0.8553,23/23
26,Q,-0.2006,23/23
27,L,-0.1985,23/23
28,M,1.2175,23/23
29,P,-0.74,23/23
30,L,-0.4964,23/23
31,V,-0.4763,23/23
32,V,-0.4978,23/23
33,V,-0.4964,23/23
34,L,-0.74,23/23
35,S,-0.74,23/23
36,T,1.5313,23/23
37,I,0.0523,23/23
38,C,-0.5017,23/23
39,L,-0.74,23/23
40,V,-0.74,23/23
41,T,-0.74,23/23
42,V,-0.74,23/23
43,G,0.6847,23/23
44,L,-0.4978,23/23
45,N,-0.74,23/23
46,L,-0.4763,23/23
47,L,-0.74,23/23
48,V,-0.74,23/23
49,L,-0.74,23/23
50,Y,-0.2389,23/23
51,A,-0.74,23/23
52,V,-0.4971,23/23
53,R,-0.2486,23/23
54,S,0.115,23/23
55,E,-0.74,23/23
56,R,-0.1983,23/23
57,K,-0.74,23/23
58,L,-0.74,23/23
59,H,-0.4957,23/23
60,T,-0.74,23/23
61,V,-0.74,23/23
62,G,-0.74,23/23
63,N,-0.74,23/23
64,L,-0.74,23/23
65,Y,-0.74,23/23
66,I,-0.74,23/23
67,V,-0.2315,23/23
68,S,-0.74,23/23
69,L,-0.74,23/23
70,S,-0.74,23/23
71,V,-0.4944,23/23
72,A,-0.74,23/23
73,D,-0.74,23/23
74,L,-0.4978,23/23
75,I,-0.74,23/23
76,V,-0.74,23/23
77,G,-0.74,23/23
78,A,-0.2352,23/23
79,V,0.7946,23/23
80,V,-0.74,23/23
81,M,-0.74,23/23
82,P,-0.74,23/23
83,M,0.1021,23/23
84,N,-0.4905,23/23
85,I,-0.4978,23/23
86,L,-0.1986,23/23
87,Y,-0.74,23/23
88,L,-0.74,23/23
89,L,2.8422,23/23
90,M,1.4768,22/23
91,S,0.6567,22/23
92,K,1.9717,22/23
93,W,-0.4763,23/23
94,S,0.3421,23/23
95,L,-0.74,23/23
96,G,-0.1945,23/23
97,R,-0.239,23/23
98,P,-0.1887,23/23
99,L,-0.5017,23/23
100,C,-0.74,23/23
101,L,-0.4941,23/23
102,F,-0.74,23/23
103,W,-0.74,23/23
104,L,-0.74,23/23
105,S,-0.74,23/23
106,M,-0.74,23/23
107,D,-0.74,23/23
108,Y,-0.74,23/23
109,V,-0.74,23/23
110,A,-0.74,23/23
111,S,-0.74,23/23
112,T,-0.74,23/23
113,A,-0.74,23/23
114,S,-0.74,23/23
115,I,-0.74,23/23
116,F,-0.74,23/23
117,S,-0.74,23/23
118,V,-0.74,23/23
119,F,-0.74,23/23
120,I,-0.74,23/23
121,L,-0.4978,23/23
122,C,-0.74,23/23
123,I,-0.74,23/23
124,D,-0.74,23/23
125,R,-0.74,23/23
126,Y,-0.74,23/23
127,R,-0.74,23/23
128,S,-0.74,23/23
129,V,-0.4957,23/23
130,Q,-0.74,23/23
131,Q,-0.74,23/23
132,P,-0.74,23/23
133,L,-0.74,23/23
134,R,-0.2444,23/23
135,Y,-0.74,23/23
136,L,-0.74,23/23
137,K,0.288,23/23
138,Y,-0.74,23/23
139,R,-0.74,23/23
140,T,-0.74,23/23
141,K,-0.74,23/23
142,T,-0.74,23/23
143,R,-0.74,23/23
144,A,-0.74,23/23
145,S,-0.1887,23/23
146,A,1.1946,23/23
147,T,-0.74,23/23
148,I,-0.74,23/23
149,L,-0.4981,23/23
150,G,0.0921,23/23
151,A,-0.4763,23/23
152,W,-0.74,23/23
153,F,-0.2306,23/23
154,L,-0.2504,23/23
155,S,-0.1961,23/23
156,F,-0.1896,23/23
157,L,-0.74,23/23
158,W,-0.74,23/23
159,V,0.7077,23/23
160,I,-0.74,23/23
161,P,-0.74,23/23
162,I,-0.74,23/23
163,L,-0.2375,23/23
164,G,-0.2332,23/23
165,W,-0.74,23/23
166,N,0.7623,23/23
167,H,0.371,23/23
168,F,-0.74,23/23
169,M,3.4757,23/23
170,Q,3.042,23/23
171,Q,4.2785,21/23
172,T,2.013,23/23
173,S,1.0663,23/23
174,V,3.1387,23/23
175,R,4.0454,23/23
176,R,0.3334,23/23
177,E,1.4008,23/23
178,D,-0.2255,23/23
179,K,-0.4991,23/23
180,C,-0.74,23/23
181,E,-0.74,23/23
182,T,-0.74,23/23
183,D,-0.74,23/23
184,F,-0.74,23/23
185,Y,-0.74,23/23
186,D,-0.2225,23/23
187,V,-0.74,23/23
188,T,-0.74,23/23
189,W,-0.74,23/23
190,F,-0.74,23/23
191,K,-0.74,23/23
192,V,1.0166,23/23
193,M,-0.74,23/23
194,T,-0.74,23/23
195,A,-0.74,23/23
196,I,-0.74,23/23
197,I,-0.74,23/23
198,N,-0.74,23/23
199,F,-0.74,23/23
200,Y,-0.74,23/23
201,L,-0.74,23/23
202,P,-0.74,23/23
203,T,-0.74,23/23
204,L,0.0468,23/23
205,L,-0.74,23/23
206,M,-0.74,23/23
207,L,-0.74,23/23
208,W,-0.74,23/23
209,F,-0.74,23/23
210,Y,-0.74,23/23
211,A,1.2311,23/23
212,K,-0.2209,23/23
213,I,-0.74,23/23
214,Y,-0.74,23/23
215,K,-0.1896,23/23
216,A,-0.74,23/23
217,V,-0.74,23/23
218,R,0.281,23/23
219,Q,0.0011,23/23
220,H,-0.74,23/23
221,C,-0.74,23/23
222,Q,-0.74,23/23
223,H,-0.4957,23/23
224,R,-0.74,23/23
225,E,-0.2304,23/23
226,L,-0.4763,23/23
227,I,0.3376,23/23
228,N,0.1136,23/23
229,R,0.4496,23/23
230,S,-0.74,23/23
231,L,-0.5001,23/23
232,P,-0.74,23/23
233,S,0.0306,23/23
234,F,-0.74,23/23
235,S,-0.2413,23/23
236,E,-0.2432,23/23
237,I,1.1903,23/23
238,K,0.4541,23/23
239,L,0.7856,23/23
240,R,1.6206,23/23
241,P,0.1335,23/23
242,E,-0.2034,23/23
243,N,-0.1946,23/23
244,P,1.2883,23/23
245,K,-0.4974,23/23
246,G,1.5006,23/23
247,D,1.1756,23/23
248,A,1.5924,23/23
249,K,-0.1795,23/23
250,K,-0.4905,23/23
251,P,0.5072,22/23
252,G,0.0962,23/23
253,K,0.0177,23/23
254,E,-0.1927,23/23
255,S,-0.1887,23/23
256,P,0.4362,23/23
257,W,-0.1986,23/23
258,E,-0.2332,23/23
259,V,0.4833,23/23
260,L,0.3407,23/23
261,K,-0.74,23/23
262,R,-0.4986,23/23
263,K,0.3708,23/23
264,P,0.9762,23/23
265,K,-0.1946,23/23
266,D,-0.74,23/23
267,A,0.441,23/23
268,G,0.7121,23/23
269,G,-0.116,22/23
270,G,0.267,22/23
271,S,1.0296,22/23
272,V,1.1216,22/23
273,L,1.1375,22/23
274,K,0.1432,23/23
275,S,0.6375,23/23
276,P,0.4424,23/23
277,S,0.097,23/23
278,Q,0.7656,23/23
279,T,1.2218,23/23
280,P,0.6715,23/23
281,K,4.6367,20/23
282,E,-0.2252,23/23
283,M,1.5245,23/23
284,K,1.1114,23/23
285,S,-0.1795,23/23
286,P,-0.4905,23/23
287,V,2.7647,23/23
288,V,0.805,23/23
289,F,0.1856,22/23
290,S,-0.1887,23/23
291,Q,0.0743,23/23
292,E,0.0877,22/23
293,D,0.4042,23/23
294,D,1.2376,23/23
295,R,1.5251,23/23
296,E,-0.1983,23/23
297,V,1.1239,22/23
298,D,1.6774,22/23
299,K,0.0615,23/23
300,L,1.9116,22/23
301,Y,0.8515,21/23
302,C,0.2754,21/23
303,F,0.1595,21/23
304,P,-0.1623,21/23
305,L,0.2197,22/23
306,D,1.3684,22/23
307,I,4.2395,22/23
308,V,0.4762,22/23
309,H,0.5799,23/23
310,M,3.1062,23/23
311,Q,0.7178,23/23
312,A,2.1945,23/23
313,A,2.4146,23/23
314,A,0.7612,23/23
315,E,0.0631,23/23
316,G,0.0959,23/23
317,S,1.1365,23/23
318,S,2.6482,23/23
319,R,1.0284,23/23
320,D,1.4893,22/23
321,Y,0.6469,23/23
322,V,3.5042,23/23
323,A,-0.1983,23/23
324,V,2.9926,23/23
325,N,1.5792,23/23
326,R,0.6549,23/23
327,S,1.8273,20/23
328,H,1.0407,20/23
329,G,1.566,23/23
330,Q,-0.2015,23/23
331,L,-0.116,22/23
332,K,1.4965,22/23
333,T,2.114,22/23
334,D,2.026,22/23
335,E,0.1844,23/23
336,Q,0.1051,23/23
337,G,0.7193,23/23
338,L,-0.1795,23/23
339,N,1.2035,23/23
340,T,1.1557,23/23
341,H,2.3384,23/23
342,G,2.0984,23/23
343,A,0.356,23/23
344,S,1.5361,23/23
345,E,0.0503,23/23
346,I,3.9332,23/23
347,S,0.6626,23/23
348,E,-0.4975,23/23
349,D,0.1433,23/23
350,Q,0.7822,23/23
351,M,0.5969,23/23
352,L,0.1331,23/23
353,G,0.0982,23/23
354,D,0.4325,23/23
355,S,0.4512,23/23
356,Q,-0.1989,23/23
357,S,-0.1963,23/23
358,F,0.8675,22/23
359,S,0.1301,23/23
360,R,1.7004,23/23
361,T,0.0994,23/23
362,D,0.0956,23/23
363,S,0.4125,23/23
364,D,-0.1756,22/23
365,T,0.1585,22/23
366,T,1.2054,22/23
367,T,0.0999,22/23
368,E,0.1523,22/23
369,T,0.485,22/23
370,A,0.8226,22/23
371,P,1.3728,22/23
372,G,0.8586,22/23
373,K,1.3367,22/23
374,G,0.8795,22/23
375,K,0.1829,22/23
376,L,1.7721,22/23
377,R,0.1355,22/23
378,S,0.1383,22/23
379,G,0.1269,22/23
380,S,-0.1733,22/23
381,N,2.2481,22/23
382,T,0.5111,22/23
383,G,-0.2222,22/23
384,L,-0.74,22/23
385,D,-0.2325,22/23
386,Y,-0.74,22/23
387,I,-0.4656,22/23
388,K,-0.1761,22/23
389,F,1.2237,22/23
390,T,-0.4865,22/23
391,W,-0.74,22/23
392,K,-0.4809,22/23
393,R,-0.74,22/23
394,L,0.1523,22/23
395,R,-0.74,22/23
396,S,-0.2329,22/23
397,H,-0.74,22/23
398,S,-0.74,22/23
399,R,-0.4656,22/23
400,Q,-0.4882,22/23
401,Y,-0.2241,22/23
402,V,0.5408,22/23
403,S,-0.4656,22/23
404,G,-0.74,22/23
405,L,-0.4873,22/23
406,H,-0.4882,22/23
407,M,0.7195,22/23
408,N,-0.4851,22/23
409,R,-0.74,22/23
410,E,-0.74,22/23
411,R,-0.74,22/23
412,K,-0.74,22/23
413,A,-0.74,22/23
414,A,-0.74,22/23
415,K,-0.74,22/23
416,Q,-0.74,22/23
417,L,-0.74,22/23
418,G,-0.74,22/23
419,F,0.1544,22/23
420,I,-0.74,22/23
421,M,-0.74,22/23
422,A,-0.74,22/23
423,A,-0.74,22/23
424,F,-0.74,22/23
425,I,-0.74,22/23
426,L,-0.2218,22/23
427,C,-0.74,22/23
428,W,-0.74,22/23
429,I,-0.488,22/23
430,P,-0.74,22/23
431,Y,-0.74,22/23
432,F,-0.74,22/23
433,I,-0.4809,22/23
434,F,-0.74,22/23
435,F,-0.74,22/23
436,M,-0.74,22/23
437,V,-0.74,22/23
438,I,-0.4865,22/23
439,A,-0.74,22/23
440,F,-0.4656,22/23
441,C,-0.74,22/23
442,K,1.2024,22/23
443,N,0.8013,22/23
444,C,-0.74,22/23
445,C,-0.2064,22/23
446,N,-0.2202,22/23
447,E,-0.1995,22/23
448,H,1.3044,22/23
449,L,-0.2288,22/23
450,H,-0.74,22/23
451,M,-0.74,22/23
452,F,-0.74,22/23
453,T,-0.74,22/23
454,I,-0.4847,22/23
455,W,-0.74,22/23
456,L,-0.74,22/23
457,G,-0.74,22/23
458,Y,-0.74,22/23
459,I,-0.4809,22/23
460,N,-0.74,22/23
461,S,-0.74,22/23
462,T,-0.74,22/23
463,L,-0.74,22/23
464,N,-0.74,22/23
465,P,-0.74,22/23
466,L,-0.74,22/23
467,I,-0.74,22/23
468,Y,-0.74,22/23
469,P,-0.74,22/23
470,L,-0.74,22/23
471,C,-0.74,22/23
472,N,-0.74,22/23
473,E,-0.74,22/23
474,N,-0.74,22/23
475,F,-0.74,22/23
476,K,-0.2161,22/23
477,K,-0.74,22/23
478,T,-0.4656,22/23
479,F,-0.74,22/23
480,K,-0.74,22/23
481,R,0.4014,22/23
482,I,-0.2141,22/23
483,L,-0.4656,22/23
484,H,0.1508,22/23
485,I,-0.74,22/23
486,R,0.5272,22/23
487,S,0.0505,23/23
