pdb_position,chain,pdb_aa,wcn_sc,wcn_ca
28,A,M,0.374457512497,0.51661174177
29,A,P,0.452826046497,0.569351939266
30,A,L,0.635349148277,0.743448862617
31,A,V,0.601892073888,0.775040770606
32,A,V,0.580870736361,0.772097384766
33,A,V,0.663375344231,0.815286610864
34,A,L,0.906827935751,0.970467096378
35,A,S,0.798905204226,0.960828824854
36,A,T,0.672401441075,0.875340089256
37,A,I,0.898273812936,1.01477496912
38,A,C,1.01416851153,1.12953999554
39,A,L,0.693563294727,0.950102437519
40,A,V,0.81745040109,0.991188395336
41,A,T,1.19984156687,1.22621512071
42,A,V,0.900022524907,1.08772626787
43,A,G,0.855542785288,0.990905896815
44,A,L,0.931026712143,1.11036333176
45,A,N,1.21615274464,1.25468306419
46,A,L,0.792285125295,1.06927603518
47,A,L,0.895439094348,1.0375389802
48,A,V,1.13149364862,1.15687401266
49,A,L,0.988432890192,1.07557205915
50,A,Y,0.611712496206,0.930276364058
51,A,A,0.945927355025,1.01157535276
52,A,V,0.956526014351,1.02477854395
53,A,R,0.75733055005,0.822987323821
54,A,S,0.688143823845,0.760076563517
55,A,E,0.664554558633,0.813256474545
56,A,R,0.437772145229,0.71058907649
57,A,K,0.568894106258,0.756205437847
58,A,L,0.928606240511,0.959915075026
59,A,H,0.638555571287,0.886847116408
60,A,T,0.87376704219,0.94951859426
61,A,V,0.915491593102,1.00751977361
62,A,G,1.0857199336,1.10489022057
63,A,N,1.05358865796,1.1606448162
64,A,L,0.946375371981,1.15073876123
65,A,Y,1.10922647175,1.27602752371
66,A,I,1.17383220326,1.27439010099
67,A,V,1.03159728861,1.222200842
68,A,S,1.18600402236,1.25157575545
69,A,L,1.30532670779,1.37566191127
70,A,S,1.19704012902,1.33304609395
71,A,V,1.02722129462,1.215436861
72,A,A,1.33470604516,1.34368206331
73,A,D,1.36266919116,1.39170003591
74,A,L,1.00661036392,1.27384323039
75,A,I,1.04729333124,1.19425681343
76,A,V,1.30842531049,1.32809151093
77,A,G,1.20152378763,1.27670053423
78,A,A,0.920262075619,1.05303380084
79,A,V,0.945167545533,1.07668286269
80,A,V,1.18166618961,1.21689426972
81,A,M,1.19998299531,1.19690672483
82,A,P,0.920428007037,1.02143910132
83,A,M,0.888491639312,1.02590421281
84,A,N,1.01626986972,1.08681474866
85,A,I,0.884368405008,1.00474956831
86,A,L,0.717382016904,0.91952760362
87,A,Y,0.851602861335,0.968863179312
88,A,L,0.794897988844,0.874892491812
89,A,L,0.568420668986,0.753170798772
90,A,M,0.554847714688,0.732181993112
91,A,S,0.550120582564,0.729439295746
92,A,K,0.464833711261,0.714708732088
93,A,W,0.733850251521,0.81062091642
94,A,S,0.579042372603,0.677965363742
95,A,L,0.862254111292,0.797291433797
96,A,G,0.628427020285,0.717481447281
97,A,R,0.57251806765,0.718575835196
98,A,P,0.539288792227,0.719564724969
99,A,L,0.667561902007,0.859036177846
100,A,C,0.958470144632,0.990284219465
101,A,L,0.759752318419,0.966522119064
102,A,F,0.769386049187,0.992867382954
103,A,W,1.04243078706,1.1171782263
104,A,L,1.00270136484,1.13104092252
105,A,S,0.994146653294,1.15458200171
106,A,M,0.994245218812,1.18736019889
107,A,D,1.14516653151,1.23981815974
108,A,Y,1.06881406277,1.21587799941
109,A,V,1.07631239943,1.26472053524
110,A,A,1.24910700953,1.3370964047
111,A,S,1.22552141893,1.32149928202
112,A,T,1.16607498924,1.29933774176
113,A,A,1.28756307272,1.35733473979
114,A,S,1.34971425018,1.39477555766
115,A,I,1.16346368542,1.31407986142
116,A,F,1.06702044635,1.2985757656
117,A,S,1.27039776846,1.36156654852
118,A,V,1.21486323356,1.32849068775
119,A,F,0.974251645297,1.24476909135
120,A,I,1.03758151526,1.20541368302
121,A,L,1.17645948159,1.27054849031
122,A,C,1.05678856349,1.22161141573
123,A,I,0.876858334632,1.08516967509
124,A,D,1.05174303699,1.11288568158
125,A,R,1.0968831302,1.13961209246
126,A,Y,0.777006848477,1.06378645667
127,A,R,0.859212569519,0.944075577699
128,A,S,0.899638021736,0.99110755637
129,A,V,0.853198789672,0.937097672599
130,A,Q,0.632538653679,0.786807850464
131,A,Q,0.581425171955,0.744832727578
132,A,P,0.55776004255,0.722280630052
133,A,L,0.440389798183,0.633168532738
134,A,R,0.731983248002,0.746804861122
135,A,Y,0.405238567379,0.624383039151
136,A,L,0.529209217622,0.591144132055
137,A,K,0.467336228272,0.683527186962
138,A,Y,0.722629336501,0.823014970115
139,A,R,0.91459057822,0.88907013569
140,A,T,0.654051160367,0.860257075553
141,A,K,0.604871948798,0.852422907083
142,A,T,0.568514926609,0.753811890596
143,A,R,0.661033719061,0.893956496833
144,A,A,0.963266558748,1.04826757065
145,A,S,0.794095082532,0.960129125071
146,A,A,0.704178853205,0.878053588105
147,A,T,0.882155423218,1.0105539212
148,A,I,0.991698782328,1.11926270152
149,A,L,0.672288312643,0.955326068203
150,A,G,0.793838598272,0.929237698625
151,A,A,1.03876128514,1.11234751669
152,A,W,1.06909498848,1.10022532862
153,A,F,0.624713890751,0.931907444943
154,A,L,0.812015552349,0.973771969123
155,A,S,1.13701456409,1.17882246049
156,A,F,0.858561415147,1.0315477924
157,A,L,0.726463380908,0.929988554162
158,A,W,1.0319693914,1.05824665023
159,A,V,0.860916698898,0.974764349018
160,A,I,0.651335198744,0.83173541157
161,A,P,0.811442478936,0.890230111977
162,A,I,0.951605465798,0.966773529559
163,A,L,0.640636397723,0.776270689624
164,A,G,0.67126882355,0.755193752928
165,A,W,0.536778425931,0.654009964447
166,A,N,0.431008323183,0.526882856558
167,A,H,0.458341412599,0.505902876235
175,A,R,0.510628089661,0.599616573539
176,A,R,0.644963995029,0.712072727412
177,A,E,0.553898053568,0.752454630909
178,A,D,0.85573508387,0.884044486885
179,A,K,0.995059832868,0.966443814783
180,A,C,1.01508525554,0.94730525799
181,A,E,0.817558603137,0.935452424748
182,A,T,0.974702150115,0.983819114913
183,A,D,0.716082697715,0.857966665411
184,A,F,0.914600674327,0.881513231952
185,A,Y,0.755010906815,0.895313646346
186,A,D,0.577373469344,0.747406627977
187,A,V,0.658119922661,0.798736357916
188,A,T,0.64568059718,0.835926328373
189,A,W,0.55082803815,0.742609020155
190,A,F,0.817114852658,0.857309115572
191,A,K,0.882870870345,0.985253294282
192,A,V,0.716137383063,0.939495460616
193,A,M,0.656170650897,0.884147154533
194,A,T,0.93928369885,1.01750269188
195,A,A,0.927679077093,1.07482140478
196,A,I,0.734202459336,1.01730545459
197,A,I,0.767014731888,0.961246233947
198,A,N,1.02348176604,1.10648838225
199,A,F,1.08508076625,1.15011262314
200,A,Y,0.855818406159,1.0214713241
201,A,L,0.742414837162,0.960753372744
202,A,P,1.0066123593,1.09137153496
203,A,T,0.981691679192,1.10222699028
204,A,L,0.674928183635,0.938461467603
205,A,L,0.737506948785,0.953365694265
206,A,M,1.09422312796,1.12650140753
207,A,L,0.800906462381,1.0068554088
208,A,W,0.581932636934,0.883735687194
209,A,F,0.809579289058,0.991619395309
210,A,Y,0.940515230435,1.07265773376
211,A,A,0.659602812066,0.880048100538
212,A,K,0.632193465322,0.874988449931
213,A,I,0.93014904784,1.01354110501
214,A,Y,0.646432179241,0.911934922194
215,A,K,0.487795473771,0.768211774858
216,A,A,0.713165592903,0.783640588263
217,A,V,0.783112672892,0.817639325023
218,A,R,0.517624731525,0.702866616899
219,A,Q,0.405955095246,0.574190912
220,A,H,0.559268734639,0.551223071868
221,A,C,0.370760711806,0.415918471552
405,A,L,0.536955850691,0.49941518057
406,A,H,0.383526982802,0.585807457935
407,A,M,0.614921130606,0.733917063925
408,A,N,0.552676574255,0.768756360686
409,A,R,0.536346841298,0.833976235278
410,A,E,0.755041551545,0.970986629827
411,A,R,0.698107113103,0.946251856172
412,A,K,0.700221705499,0.949580476361
413,A,A,0.94253152967,1.0826054984
414,A,A,0.899178958902,1.10242695346
415,A,K,0.775726635549,1.01085174084
416,A,Q,1.06328030848,1.15001100441
417,A,L,1.13368747107,1.2074369744
418,A,G,0.995384133414,1.10600818788
419,A,F,0.88273152613,1.09306740398
420,A,I,1.18893934565,1.23361399001
421,A,M,1.08992399601,1.20014351596
422,A,A,0.875369602739,1.05825460238
423,A,A,1.09827889332,1.15266246575
424,A,F,1.23081319359,1.24765769073
425,A,I,0.967781141358,1.11449351225
426,A,L,0.788062767749,1.00722768385
427,A,C,1.11065580333,1.18210410681
428,A,W,1.21445808555,1.21031887491
429,A,I,0.846731071099,1.06513258175
430,A,P,0.86688204636,0.981740503783
431,A,Y,1.05235976025,1.12832795453
432,A,F,1.07504508597,1.09384234861
433,A,I,0.715274987569,0.948174582904
434,A,F,0.843096458405,0.984749596099
435,A,F,0.962312666456,1.02425740767
436,A,M,0.647650765905,0.8899273437
437,A,V,0.690991998714,0.838393488567
438,A,I,0.810116871239,0.904429375696
439,A,A,0.710996660488,0.84793131902
440,A,F,0.414464297235,0.668910341202
441,A,C,0.644123592496,0.685284387514
442,A,K,0.509832508304,0.682047376233
443,A,N,0.650953125213,0.739440899746
444,A,C,0.639439140771,0.665631541121
445,A,C,0.609839420343,0.683242198853
446,A,N,0.530249466255,0.701338261655
447,A,E,0.766761899983,0.835856805869
448,A,H,0.559790123192,0.764187037415
449,A,L,0.700502124867,0.844844208728
450,A,H,0.923150562273,0.987861479866
451,A,M,0.859709065794,1.00122288318
452,A,F,0.745008523019,1.00505204474
453,A,T,0.921122973046,1.10965210403
454,A,I,1.03921937595,1.15628476102
455,A,W,1.05634281927,1.16112582739
456,A,L,0.924246206465,1.15947515308
457,A,G,1.19233880274,1.2875303353
458,A,Y,1.18541077645,1.27993540817
459,A,I,0.972782670367,1.20041052772
460,A,N,1.27352753483,1.2946013204
461,A,S,1.33489441625,1.34927896407
462,A,T,1.09842218913,1.23026340257
463,A,L,0.958215238363,1.1591868019
464,A,N,1.26841000078,1.25693908148
465,A,P,1.14990406082,1.20705827752
466,A,L,0.820784475188,1.04206414993
467,A,I,1.04014943761,1.10699624462
468,A,Y,1.17867499578,1.1430101909
469,A,P,0.885320614739,1.06063852218
470,A,L,0.741764741582,0.89047388138
471,A,C,0.950524745867,0.974050672506
472,A,N,0.927514474098,1.01673582207
473,A,E,0.609658757619,0.848397236565
474,A,N,0.740901402266,0.880104386302
475,A,F,1.05205255094,1.05002511119
476,A,K,0.630262120942,0.95435246995
477,A,K,0.519157692034,0.813760339645
478,A,T,0.824048070309,0.90595171949
479,A,F,0.943610409997,0.933795434942
480,A,K,0.542305243596,0.779017609129
481,A,R,0.550103792216,0.727030049894
482,A,I,0.666841065029,0.770404423591
483,A,L,0.581585032553,0.692444217908
484,A,H,0.424142951486,0.564024739089
485,A,I,0.370578136247,0.526947938666
