fasta_position,fasta_aa,r4s_rate
1,M,0.3402
2,S,0.8872
3,L,3.9631
4,P,2.5143
5,N,0.3245
6,S,0.8408
7,S,0.1057
8,C,3.9689
9,L,4.7796
10,L,4.9159
11,E,0.1178
12,D,0.4762
13,K,1.5843
14,M,0.1096
15,C,0.7697
16,E,0.1178
17,G,2.7247
18,N,0.1013
19,K,0.9777
20,T,0.1244
21,T,1.7239
22,M,2.0587
23,A,0.6904
24,S,1.9567
25,P,2.71
26,Q,0.5513
27,L,1.0435
28,M,1.7349
29,P,0.2117
30,L,0.562
31,V,0.4036
32,V,0.4119
33,V,0.3963
34,L,0.1861
35,S,0.1057
36,T,2.042
37,I,0.8731
38,C,0.3142
39,L,0.1861
40,V,0.133
41,T,0.1244
42,V,0.133
43,G,2.9744
44,L,0.5614
45,N,0.1013
46,L,0.5506
47,L,0.1861
48,V,0.133
49,L,0.1861
50,Y,0.9554
51,A,0.1284
52,V,0.4011
53,R,0.7253
54,S,0.7826
55,E,0.1178
56,R,0.7155
57,K,0.1278
58,L,0.1861
59,H,0.4138
60,T,0.1244
61,V,0.133
62,G,0.2475
63,N,0.1013
64,L,0.1861
65,Y,0.1844
66,I,0.1185
67,V,0.6732
68,S,0.1057
69,L,0.1861
70,S,0.1057
71,V,0.3987
72,A,0.1284
73,D,0.1435
74,L,0.5622
75,I,0.1185
76,V,0.133
77,G,0.2475
78,A,0.6682
79,V,1.5916
80,V,0.133
81,M,0.1096
82,P,0.2117
83,M,0.8262
84,N,0.3028
85,I,0.3556
86,L,0.9425
87,Y,0.1844
88,L,0.1861
89,L,4.6183
90,M,1.9982
91,S,1.2494
92,K,3.5261
93,W,0.8175
94,S,1.1231
95,L,0.1861
96,G,1.4379
97,R,0.7205
98,P,1.2082
99,L,0.5535
100,C,0.2491
101,L,0.5681
102,F,0.1872
103,W,0.2572
104,L,0.1861
105,S,0.1057
106,M,0.1096
107,D,0.1435
108,Y,0.1844
109,V,0.133
110,A,0.1284
111,S,0.1057
112,T,0.1244
113,A,0.1284
114,S,0.1057
115,I,0.1185
116,F,0.1872
117,S,0.1057
118,V,0.133
119,F,0.1872
120,I,0.1185
121,L,0.565
122,C,0.2491
123,I,0.1185
124,D,0.1435
125,R,0.1441
126,Y,0.1844
127,R,0.1441
128,S,0.1057
129,V,0.3986
130,Q,0.106
131,Q,0.106
132,P,0.2117
133,L,0.1861
134,R,0.7265
135,Y,0.1844
136,L,0.1861
137,K,1.3634
138,Y,0.1844
139,R,0.1441
140,T,0.1244
141,K,0.1278
142,T,0.1244
143,R,0.1441
144,A,0.1284
145,S,0.5719
146,A,2.149
147,T,0.1244
148,I,0.1185
149,L,0.5238
150,G,1.8344
151,A,0.4018
152,W,0.2572
153,F,0.9438
154,L,0.953
155,S,0.5534
156,F,1.0363
157,L,0.1861
158,W,0.2572
159,V,1.6999
160,I,0.1185
161,P,0.2117
162,I,0.1185
163,L,0.9648
164,G,1.1991
165,W,0.2572
166,N,1.7252
167,H,1.4519
168,F,0.1872
169,M,3.5621
170,Q,3.7234
171,Q,4.489
172,T,2.7622
173,S,2.0599
174,V,4.9041
175,R,4.8826
176,R,1.3313
177,E,2.1841
178,D,0.8469
179,K,0.3791
180,C,0.2491
181,E,0.1178
182,T,0.1244
183,D,0.1435
184,F,0.1872
185,Y,0.1844
186,D,0.7268
187,V,0.133
188,T,0.1244
189,W,0.2572
190,F,0.1872
191,K,0.1278
192,V,1.8922
193,M,0.1096
194,T,0.1244
195,A,0.1284
196,I,0.1185
197,I,0.1185
198,N,0.1013
199,F,0.1872
200,Y,0.1844
201,L,0.1861
202,P,0.2117
203,T,0.1244
204,L,1.3854
205,L,0.1861
206,M,0.1096
207,L,0.1861
208,W,0.2572
209,F,0.1872
210,Y,0.1844
211,A,2.0456
212,K,0.6485
213,I,0.1185
214,Y,0.1844
215,K,0.6509
216,A,0.1284
217,V,0.133
218,R,1.3206
219,Q,0.8003
220,H,0.1409
221,C,0.2491
222,Q,0.106
223,H,0.4138
224,R,0.1441
225,E,0.6474
226,L,0.5661
227,I,1.22
228,N,0.7482
229,R,2.3051
230,S,0.1057
231,L,0.5563
232,P,0.2117
233,S,0.7792
234,F,0.1872
235,S,0.5609
236,E,0.6102
237,I,2.2891
238,K,1.2442
239,L,2.2844
240,R,2.614
241,P,1.5591
242,E,0.6307
243,N,0.5402
244,P,3.484
245,K,0.3867
246,G,2.4282
247,D,3.931
248,A,2.7183
249,K,0.7454
250,K,0.3827
251,P,2.3575
252,G,1.8983
253,K,0.9402
254,E,0.6953
255,S,0.5645
256,P,2.3897
257,W,1.1951
258,E,0.6356
259,V,1.4982
260,L,1.9981
261,K,0.1278
262,R,0.4186
263,K,1.5311
264,P,2.7186
265,K,0.6714
266,D,0.1435
267,A,1.4797
268,G,2.4275
269,G,1.4566
270,G,2.4346
271,S,2.9104
272,V,2.1217
273,L,3.0955
274,K,0.9652
275,S,2.2494
276,P,1.7298
277,S,0.8782
278,Q,1.2899
279,T,2.5411
280,P,2.5193
281,K,4.9462
282,E,0.6061
283,M,2.1018
284,K,2.0803
285,S,0.5686
286,P,0.6247
287,V,4.4978
288,V,2.3143
289,F,1.7374
290,S,0.6373
291,Q,0.7769
292,E,0.9428
293,D,1.2024
294,D,2.5647
295,R,4.4874
296,E,0.6621
297,V,2.4133
298,D,3.1956
299,K,1.0023
300,L,4.0775
301,Y,1.8977
302,C,2.1575
303,F,1.5075
304,P,1.1893
305,L,1.5646
306,D,1.8329
307,I,4.036
308,V,1.5411
309,H,1.265
310,M,4.1055
311,Q,1.3985
312,A,2.9287
313,A,3.8128
314,A,1.6935
315,E,0.8952
316,G,1.7539
317,S,1.7203
318,S,3.9692
319,R,2.2838
320,D,4.1523
321,Y,2.3157
322,V,4.1117
323,A,0.6522
324,V,4.4175
325,N,1.9288
326,R,1.2447
327,S,2.304
328,H,1.5976
329,G,2.0391
330,Q,0.5608
331,L,1.1465
332,K,2.3297
333,T,2.575
334,D,3.6132
335,E,1.1688
336,Q,0.8615
337,G,1.9108
338,L,1.072
339,N,1.7677
340,T,1.7871
341,H,3.4171
342,G,4.6506
343,A,1.3898
344,S,1.9386
345,E,0.8866
346,I,4.2473
347,S,1.4339
348,E,0.3552
349,D,0.982
350,Q,1.5418
351,M,1.4912
352,L,1.5079
353,G,1.5116
354,D,1.4733
355,S,1.1671
356,Q,0.5897
357,S,0.5535
358,F,2.6028
359,S,0.9022
360,R,2.84
361,T,0.9441
362,D,1.1534
363,S,1.2684
364,D,0.8756
365,T,1.1629
366,T,2.319
367,T,1.0663
368,E,1.0282
369,T,2.0527
370,A,1.7471
371,P,3.5298
372,G,3.4925
373,K,2.1328
374,G,3.3753
375,K,0.983
376,L,3.7931
377,R,1.0528
378,S,0.8123
379,G,1.589
380,S,0.5793
381,N,2.3069
382,T,1.5265
383,G,1.2424
384,L,0.1915
385,D,0.7596
386,Y,0.1897
387,I,0.3898
388,K,0.7101
389,F,2.8851
390,T,0.3868
391,W,0.2637
392,K,0.395
393,R,0.1484
394,L,1.3903
395,R,0.1484
396,S,0.5489
397,H,0.1452
398,S,0.1091
399,R,0.4382
400,Q,0.3234
401,Y,0.9638
402,V,1.3412
403,S,0.3722
404,G,0.2541
405,L,0.565
406,H,0.4258
407,M,1.5449
408,N,0.3106
409,R,0.1484
410,E,0.1215
411,R,0.1484
412,K,0.1318
413,A,0.1324
414,A,0.1324
415,K,0.1318
416,Q,0.1093
417,L,0.1915
418,G,0.2541
419,F,1.6636
420,I,0.1222
421,M,0.113
422,A,0.1324
423,A,0.1324
424,F,0.1926
425,I,0.1222
426,L,0.9977
427,C,0.2555
428,W,0.2637
429,I,0.3693
430,P,0.2175
431,Y,0.1897
432,F,0.1926
433,I,0.3663
434,F,0.1926
435,F,0.1926
436,M,0.113
437,V,0.1372
438,I,0.3667
439,A,0.1324
440,F,0.5679
441,C,0.2555
442,K,2.048
443,N,1.4143
444,C,0.2555
445,C,1.2415
446,N,0.5266
447,E,0.6081
448,H,2.6053
449,L,0.7144
450,H,0.1452
451,M,0.113
452,F,0.1926
453,T,0.1283
454,I,0.3683
455,W,0.2637
456,L,0.1915
457,G,0.2541
458,Y,0.1897
459,I,0.3775
460,N,0.1045
461,S,0.1091
462,T,0.1283
463,L,0.1915
464,N,0.1045
465,P,0.2175
466,L,0.1915
467,I,0.1222
468,Y,0.1897
469,P,0.2175
470,L,0.1915
471,C,0.2555
472,N,0.1045
473,E,0.1215
474,N,0.1045
475,F,0.1926
476,K,0.667
477,K,0.1318
478,T,0.4116
479,F,0.1926
480,K,0.1318
481,R,1.2704
482,I,0.6425
483,L,0.5833
484,H,1.0959
485,I,0.1222
486,R,1.6578
487,S,0.8066
