Site,Rate,lower_bound_95CI,upper_bound_95CI
1,0,0,23985.40077579537
2,0,0,23985.40077579537
3,0,0,23985.40077579537
4,0,0,23985.40077579537
5,0,0,23985.40077579537
6,0,0,23985.40077579537
7,0,0,23985.40077579537
8,0,0,23985.40077579537
9,0,0,23985.40077579537
10,0.5238772742641792,0.02982722896014786,2.327812166245056
11,0.9692187401281037,0.238405577672626,2.583773214690321
12,4.663561884056374,1.859975379308662,10.42646622769761
13,3.706189552415334,1.298707137883991,8.355018795997328
14,0.3420078929397364,0.01949917831519016,1.519269077959273
15,0.8170324604600062,0.2001317248471419,2.206987599743343
16,0,0,0.4561770686909125
17,6.08702241583605,2.541786433404256,12.4059100310133
18,6.130848455383897,2.875857197480075,12.94730909027123
19,8.107617271863862,3.702687232517841,16.86732069339406
20,0,0,0.6215309037972004
21,0.4441575909059216,0.02520877574740538,1.997579878592179
22,2.200708118838254,0.7726636067182376,4.935668947220719
23,0,0,1.007239063090105
24,0.8708160505312562,0.04960590333966185,3.870156980661559
25,0,0,0.6215309037972004
26,3.227350724324747,1.016332059428117,7.607164578122592
27,0,0,0.6151374330174996
28,1.252775862827457,0.307886663800231,3.35267187626638
29,0,0,0.5958762633276891
30,2.052230666872864,0.7245711154030241,4.560148104559591
31,4.190629313787021,1.623349531727667,9.102939885581097
32,0.7123988639171784,0.1171864894990419,2.2727108364695
33,0,0,10000
34,0,0,3.770179947244233
35,2.217184837112411,0.9288744672847942,4.494658580559303
36,4.004742332132978,1.35282851308516,9.335783470873588
37,0.82985732682479,0.1375375032367209,2.601058657284262
38,1.120676372804586,0.1828796119469437,3.605037635628145
39,3.410811046147613,1.30313081864365,7.310860013659793
40,0,0,1.349116543219846
41,0.4771408841871059,0.02699357777165029,2.172102569959116
42,0.2999431225190489,0.01696876720112126,1.358323183098987
43,0.3094293778595643,0.01751285657318686,1.409245596069524
44,0.2929533454081197,0.01658155573349712,1.333120213557477
45,0,0,0.8951849687503284
46,0,0,0.4561770686909125
47,2.382198332773276,0.986717444879321,5.000868886911163
48,0.8652927134271019,0.211048300879727,2.349641629156515
49,0.2401211884403308,0.01362992395435147,1.074574874716684
50,0,0,0.8951849687503284
51,0,0,0.5609068936537357
52,0,0,0.5958762633276891
53,0,0,0.5609068936537357
54,3.521878830913579,1.22478948910632,8.057769920984866
55,0.4726221620534756,0.02674557302918229,2.154920868853598
56,0,0,0.6151374330174996
57,0.4571552941909735,0.02586777163270162,2.074584977271369
58,0,0,0.8951849687503284
59,0,0,0.5609068936537357
60,0,0,0.8951849687503284
61,1.853825705107214,0.3045157360652955,5.84747304402189
62,0,0,0.6104491809313619
63,0.2980602899821583,0.01685181072466424,1.353627131345288
64,0.9996096518802077,0.1650104614503525,3.149160298392319
65,0.7810259857604887,0.1922547700216723,2.081231446034938
66,0,0,0.6215309037972004
67,0.9791082944598544,0.1616644566768157,3.082605642026075
68,0,0,0.7263862727281878
69,0,0,0.8951849687503284
70,0.5269458215088293,0.02997752460196418,2.332693742831306
71,0,0,0.5958762633276891
72,0,0,0.5609068936537357
73,0,0,1.260610566175067
74,0,0,0.6151374330174996
75,0,0,0.8951849687503284
76,0,0,1.658069719137967
77,0,0,0.5175737354994574
78,0.6019438895423215,0.0986376735470508,1.937445533987606
79,0,0,0.4561770686909125
80,0,0,0.8951849687503284
81,0,0,0.4561770686909125
82,0.2955907658627352,0.01671184374621154,1.342580456984582
83,0,0,0.6104491809313619
84,0,0,0.7842082967422693
85,0.4812382969603291,0.02722001848516221,2.196253463439751
86,0,0,0.5175737354994574
87,0,0,0.5609068936537357
88,0,0,1.260610566175067
89,0.6711893818078956,0.1103622021528288,2.142292874909168
90,1.65492415835793,0.5750396977717105,3.800373961517741
91,0,0,0.5609068936537357
92,0,0,1.007239063090105
93,0,0,1.349116543219846
94,1.749368974176605,0.4329953091369144,4.570899522579415
95,0.3195332403356553,0.0181790549087996,1.424907200754765
96,0.2777233624673802,0.01573186276269685,1.260320048149681
97,0.962073492401675,0.158415045359647,3.072681895953295
98,0,0,1.658069719137967
99,0,0,0.8951849687503284
100,5.831139161757648,2.665173635571373,11.70001198253934
101,4.323283429009363,1.696341647367061,8.976862800736757
102,1.292479659280211,0.3954252811230912,3.092024572102364
103,5.020000816896962,2.108207111439406,10.16328726348104
104,2.83007210723419,0.1567580170421171,13.03764957114562
105,1.132939552524793,0.3451296189408649,2.755338717659646
106,0,0,0.8951849687503284
107,1.809856748995677,0.3226771333786862,5.317914193108707
108,0.995980568060322,0.1641529666316746,3.127764123628434
109,1.675432190726962,0.2809679186142963,5.151306761360015
110,0.4669841714548174,0.02642793206870412,2.12701025916646
111,0,0,1.619801426596688
112,0.4879170672224658,0.02761392817386531,2.227945706539265
113,0,0,1.100615594403477
114,0,0,4.889685859579136
115,0,0,0.8951849687503284
116,0,0,0.4561770686909125
117,0,0,1.007239063090105
118,0,0,0.7842082967422693
119,0,0,1.658069719137967
120,0,0,0.5609068936537357
121,0,0,0.6104491809313619
122,0,0,0.4561770686909125
123,0,0,0.5958762633276891
124,0,0,0.6104491809313619
125,0,0,0.4561770686909125
126,0,0,0.5175737354994574
127,0,0,1.100615594403477
128,0,0,0.4561770686909125
129,0,0,0.5609068936537357
130,0,0,1.100615594403477
131,0,0,0.5175737354994574
132,0.479850905021319,0.02713915640764213,2.190522633010704
133,0,0,1.619801426596688
134,0,0,0.5175737354994574
135,0,0,0.7842082967422693
136,0,0,0.9295011490784316
137,0,0,1.658069719137967
138,0,0,0.9295011490784316
139,0,0,0.4561770686909125
140,0.2959031331766204,0.01673124334988814,1.343361648892881
141,0,0,0.7525121217947358
142,0,0,0.7525121217947358
143,0,0,1.349116543219846
144,0,0,0.8951849687503284
145,0.9453696743654993,0.155073130776591,3.041478446274226
146,0,0,1.658069719137967
147,0,0,0.8951849687503284
148,2.056234203929526,0.6316317655338406,4.901106616300673
149,0,0,1.658069719137967
150,0,0,0.9295011490784316
151,0,0,0.5958762633276891
152,0,0,0.7263862727281878
153,0,0,0.5958762633276891
154,0,0,0.9295011490784316
155,0,0,0.6104491809313619
156,0.5285252597755302,0.08720965521511771,1.667799670963871
157,2.568107654025225,1.01923416320325,5.459672263157294
158,0,0,0.5958762633276891
159,0,0,0.5175737354994574
160,0.4782175939224607,0.02706398735535312,2.177399205510234
161,2.112345921645104,0.5030055486615073,5.887806864750289
162,0.3376142450179924,0.01918815586677728,1.50874899971587
163,0,0,4.889685859579136
164,1.156697331112348,0.1908643003784755,3.659518246510805
165,0.9796935624448709,0.1601316979714728,3.177842281121582
166,0.505862865304096,0.0834463355423685,1.59525841028788
167,1.260293063503442,0.2042541332383625,4.13783597852539
168,0,0,0.8951849687503284
169,0,0,4.889685859579136
170,1.786205689756416,0.6275750419136598,4.041586952869727
171,0,0,0.5175737354994574
172,0,0,1.349116543219846
173,0,0,0.5175737354994574
174,1.010386093122525,0.165064335461158,3.259097931069926
175,1.30329749426425,0.2140663989134344,4.163169228563929
176,0,0,4.889685859579136
177,2.809509022298427,0.9844235987603381,6.257041962257189
178,2.278861057589782,0.69682681490269,5.491413403706732
179,0,0,1.100615594403477
180,6.440591781974913,2.96329409654505,12.7688836460332
181,4.38158360304123,2.006816842712142,9.358486951457442
182,8.223894801298371,3.733866219794232,16.42308413696672
183,3.322494787565331,1.486123903513298,6.543246017127508
184,2.217156361969952,0.842137587292332,5.131954868327286
185,9.136619502605885,4.090183134289355,20.7960615389709
186,10.41758587430307,4.634946417363263,20.97251683555438
187,2.052205661588198,0.629455121922663,4.915595771729674
188,2.916306530126853,1.205640705592809,6.164227802094548
189,0.9963359660528326,0.1656779895277302,3.109233019469947
190,0.3807758911196873,0.02161414108013002,1.702311173541933
191,0,0,1.619801426596688
192,0,0,0.6215309037972004
193,0,0,0.5958762633276891
194,0,0,0.7842082967422693
195,0,0,1.100615594403477
196,0,0,1.658069719137967
197,0.8413826883493232,0.1380924183715154,2.694786817158061
198,0,0,0.5609068936537357
199,0,0,0.5958762633276891
200,0,0,4.889685859579136
201,0,0,1.100615594403477
202,0,0,0.7263862727281878
203,2.048361356276501,0.7786942494707598,4.456209319206565
204,0,0,1.007239063090105
205,0,0,0.5958762633276891
206,0,0,0.6104491809313619
207,0,0,0.5175737354994574
208,0,0,0.5175737354994574
209,0,0,0.6151374330174996
210,0,0,1.100615594403477
211,0,0,1.658069719137967
212,0,0,0.8951849687503284
213,0,0,1.349116543219846
214,0,0,0.5958762633276891
215,1.559443081182054,0.3787666184893712,4.271673737564861
216,0,0,0.8951849687503284
217,0,0,1.007239063090105
218,0,0,0.8951849687503284
219,0,0,4.889685859579136
220,0,0,1.100615594403477
221,0,0,1.658069719137967
222,2.566532532313341,1.009977033348826,5.435497029028308
223,0.7873863821838296,0.1299260874851552,2.486521778330134
224,0,0,0.5175737354994574
225,0,0,1.658069719137967
226,0.7960206198835054,0.1314879555529106,2.50383108378043
227,0,0,0.6104491809313619
228,0,0,0.5609068936537357
229,2.040468140494291,0.6252097650798936,4.881128929062307
230,1.271090409397606,0.3136937800687665,3.363648103497046
231,0,0,1.008136582536699
232,0,0,1.619801426596688
233,0,0,0.7525121217947358
234,0.5269458215088293,0.02997752460196418,2.332693742831306
235,0,0,10000
236,0,0,10000
237,0,0,10000
238,0,0,0.9295011490784316
239,0.725081625505332,0.1196050116517294,2.291671267740349
240,0.479257495137771,0.02716748926231863,2.166940971832412
241,1.30329749426425,0.3937824148886905,3.223760917666104
242,0.9875578957202519,0.2424434204472965,2.623569079442019
243,2.785082703937596,0.8403077914819589,6.873502871023984
244,0,0,0.4561770686909125
245,0.4951658551212416,0.02806205934834119,2.24152273737339
246,0,0,1.349116543219846
247,0.7668698106826605,0.188003315532184,2.062626181452456
248,0,0,1.100615594403477
249,0.5157835711012202,0.08485620174099483,1.634708430097146
250,0.6835580340882454,0.1121827335580443,2.175226572536292
251,2.928445775000627,1.183694448887429,6.194445369961577
252,1.742428192679759,0.531612269552887,4.201917634968049
253,2.928368977543442,1.015095817026126,6.834806523044787
254,3.963560866556028,1.684038264249102,7.980914163774199
255,2.281391257310899,0.5617430782834801,6.058523980070802
256,0.6944974987899498,0.1143282557708283,2.203653464087785
257,0.6963056318672216,0.1149840908652523,2.194337455463693
258,4.821068415746315,1.822217001268597,10.78660401125923
259,0.3871718438854995,0.0219871893671636,1.739626622005418
260,2.696118342641438,1.098666967790644,5.857758986967363
261,4.853233576860833,1.886954562693344,10.32050297695703
262,3.275249971214159,1.388104274517123,6.684889777684933
263,0.9110609138444236,0.1513096165266355,2.835666480891586
264,0.3858007885559254,0.02190037435208518,1.724336939740534
265,3.716242498358303,1.177139028534074,8.61127708931714
266,2.210074618560689,0.5450200432604001,5.879087857954402
267,1.207547884921467,0.295988904968626,3.23022138338189
268,0.814564324055679,0.1384330342799547,2.46819053181973
269,0.516280755763441,0.0851804864607764,1.629533054049585
270,3.708189637253382,1.234856691151545,8.45962513513564
271,3.045159001902046,0.4734705078360673,14.02642159736087
272,0.7081467021814591,0.1164031058318616,2.259317145347215
273,1.523180521601901,0.465252514705733,3.694611963353568
274,2.501921208990806,0.7545746368942173,6.279620663389428
275,0,0,0.7263862727281878
276,0.490779875869282,0.02790699682445979,2.192749496827405
277,2.10573897384649,0.6759193485460676,4.930083454744928
278,3.786362343417374,1.43609581521464,9.379971549302718
279,0.7957660730540478,0.1310614767596251,2.52328832944821
280,0,0,0.7842082967422693
281,1.764025243658066,0.5464676832634779,4.203709072358938
282,2.893124761070558,0.993527068006404,7.549440711298004
283,1.625589187085281,0.2673829376538743,5.185654693008695
284,2.905403660581915,0.7296181315277327,7.565051368501981
285,3.963560866556028,1.39626977364639,8.819355974789369
286,2.250165863142861,0.7859462858280505,5.146814417787105
287,3.908499197946556,1.344040666132944,9.157535511109124
288,1.342501365896603,0.3305058041623835,3.583490423116241
289,3.159924506728172,1.119253829969361,7.007378625064623
290,2.350068902183984,0.7003501842007792,6.029365860524608
291,0.8527401519246924,0.2100447836617785,2.26390780579138
292,2.169355455472546,0.762814287736599,4.810846861951445
293,3.510859815206378,1.378332697752815,7.373485397404029
294,3.750912241890898,1.322360682198388,8.355220644051958
295,9.030207206782958,4.172304583407288,20.61567818382939
296,0.6778963729814512,0.1114494441484432,2.14885793079152
297,4.56071257118084,1.950395925128049,9.007190864289933
298,2.897906487870769,1.110635526103772,6.307346195496371
299,0.5212139514170864,0.08601563770511825,1.64363106826762
300,0.7123988639171784,0.04055063898148924,3.164462042986429
301,5.492385118270237,2.54022480268522,11.2189279399675
302,2.498992581565499,0.9044572859094844,5.574034698750417
303,2.390534559848458,0.6569694816975067,5.973275280103924
304,0.5731277202965314,0.09503287799455853,1.793506752549703
305,1.246797445845713,0.3075225252458848,3.296082632573675
306,0,0,10000
307,0,0,10000
308,0,0,10000
309,1.160606543292095,0.285432144090015,3.112740926123039
310,1.498049949727924,0.456702164540421,3.631439094974383
311,3.500063293853918,1.401254268974211,7.267704349176547
312,6.184335432186697,2.582853213612285,12.81342374767044
313,0.718718548861491,0.1178926418631284,2.294322396053588
314,2.591513672441726,0.9536138004190202,6.040752376331683
315,3.86570196883925,1.646668426803131,8.27836629617206
316,1.236679153254222,0.3022592749628494,3.370866388972042
317,5.963059697902636,2.359675041428225,14.535089538239
318,3.365863496382135,1.189778660094056,7.494591175203319
319,3.228358845552934,0.7899065821421576,8.643460325158214
320,2.03358490352066,0.4985252234184815,5.457630969555265
321,1.703222922935646,0.282043923952863,5.330180759561399
322,1.749368974176605,0.4259331515931865,4.766367914861611
323,2.653376317467933,1.030868905087135,5.576190534099903
324,4.499323885785978,2.049300325615186,9.076499906498713
325,1.609355920428635,0.4809080001415662,4.08735535333942
326,2.1937455181556,0.7758207473005702,4.868103103624242
327,8.39468282530383,3.331361333614561,17.68863612258677
328,2.469747587806637,0.877369040210744,5.461702663965359
329,3.57194197660217,1.583033059848334,7.075234805908858
330,4.451697105429519,2.02371399687793,9.059953534248502
331,2.142982873273967,0.7674540711972225,4.77462454838887
332,1.068730128901865,0.2614445723983437,2.890150927483929
333,2.045985846129321,0.5003239684210722,5.555083514060397
334,1.954480168865648,0.7547034101590329,4.220236135480419
335,4.640157924421887,1.957345405106159,13.80381758136111
336,3.732041642825583,1.418927710266681,8.264421893261943
337,5.303192608270608,2.020304611893123,11.65683373995202
338,4.422160933919122,1.575752347895425,9.775284472560617
339,4.678021786081641,2.183349629478291,9.65240735567704
340,0.6539650015190959,0.1075800692074445,2.076760433086072
341,5.215027060200534,2.385683510041243,10.74394642822238
342,3.029083555143463,1.265414339433576,6.187806657084018
343,2.121815943034091,0.7521481664113646,4.699523532817662
344,2.547106771904652,0.9745582099762274,5.565530860608187
345,2.771619621291078,0.9728522453128072,6.294545129720523
346,2.28222322767756,0.9504293104901117,4.702110877566513
347,0.8453694183104885,0.13986458890142,2.64348384309725
348,1.214064289128201,0.1984524054634456,3.905376146437821
349,3.065622993927256,1.187002015898959,6.522869599308233
350,5.565251129086358,2.320423424982707,11.19891744423092
351,4.542436570539551,1.883030731578731,9.393389103756373
352,1.427322879569576,0.3577752691324584,3.781762780769629
353,1.352144257773411,0.3317841532483833,3.606880408474017
354,2.130909237748873,0.7346035628510721,5.115111907493668
355,1.159197368984269,0.1895951746205339,3.72954058500429
356,2.648051821222619,1.06425447797573,5.422722181690705
357,2.695471873761322,1.063656217239745,5.624951570361683
358,0,0,59.6590530313518
359,5.648827109933796,2.455766337139042,11.4400990223959
360,7.337435815176682,3.247170612834055,15.11103476297877
361,1.515431655933549,0.4724284650957634,3.634222551154469
362,2.307955027863616,0.9512058041875869,4.860796258069835
363,1.05528662966563,0.2583209769397306,2.84719915205053
364,8.220776819885973,3.975791154021775,15.64453020146857
365,1.480305625861607,0.5129594729800772,3.439305510304863
366,0.3295227578443991,0.01870083912836632,1.48173714938657
367,1.222407422840793,0.3000260361034781,3.27048331596953
368,2.64983395761968,0.9389040499609782,5.802008469490358
369,1.729583567906921,0.5994298775870188,3.999014814163957
370,1.694714149775581,0.416659795304102,4.545989361325706
371,1.659099016896109,0.4014016058289851,4.645952984027984
372,2.004251928985943,0.6174687019978924,4.789806726919022
373,1.190185560404155,0.3633977823631546,2.865606297942548
374,0.889011707445215,0.1464399993542361,2.80333866823839
375,0.5105668354103936,0.08423904652046445,1.611677063890169
376,3.966612795582942,1.439124756204933,8.637869769087493
377,0.8744387259583516,0.2149937355592866,2.329121090407858
378,4.453555301157619,1.876123436154335,8.947997949745728
379,4.398470790449478,0.2305707053745078,39.7443393248598
380,1.054005688035422,0.2601801146751069,2.791619547977729
381,0,0,10000
382,1.442814565062755,0.3571701460751387,3.82289733262392
383,1.317328840454215,0.4198021166349172,3.060697191935207
384,1.053601705394765,0.1797962200243559,3.212367695356486
385,1.334620414431602,0.3470736194744543,3.380512118968633
386,2.861143927301182,1.073695633423323,6.956085497075819
387,1.159197368984269,0.2821190006921064,3.141640692588503
388,1.236466478462183,0.3029507834659353,3.299199080901368
389,3.014486298935982,0.9339344025048301,7.161372277474545
390,2.237175563523084,0.8035999163046096,4.975176155222342
391,5.345876376691532,1.707976656599325,16.30713665867653
392,4.832542512032179,1.602970606543855,11.27787752243837
393,3.086143922708714,1.193138640514747,6.621587366732533
394,4.065367720716135,1.420527649868104,9.247273061991153
395,1.345286204885861,0.3313147967097516,3.579390575608361
396,4.783739374043513,1.774801916094111,11.82898666858305
397,1.534824982716204,0.3773781149362336,4.096194428994157
398,0.8194081184867624,0.2014865727457847,2.187306950602609
399,1.894799450519412,0.4554218936438586,5.401572185914993
400,0.5363198474023813,0.08826212815247697,1.695515975130804
401,3.352976106831068,1.495911823235353,6.600855675250364
402,1.721377730962005,0.5316180078765372,4.113475570790797
403,1.378910342953614,0.2260706975205412,4.389624132402044
404,0,0,0.9346114035354749
405,0.8937040443797986,0.1464607005134744,2.849848137848642
406,0,0,1.730173026954452
407,0.2985944729164967,0.01691236152960741,1.345683329526447
408,0.851315460667419,0.1402446047125247,2.696159531664544
409,3.892831349666845,1.510168714098848,8.282181531428321
410,0.3321645544615829,0.01888231053041424,1.488826194419309
411,0,0,5.100208030774308
412,0.4023145392330792,0.02286313610936697,1.802962877133927
413,0,0,0.969775780746859
414,1.552365967332669,0.3788389021771516,4.212770446184782
415,0,0,0.969775780746859
416,0.5076768109446949,0.08369500274251895,1.609649406611314
417,0,0,1.051529873476515
418,0,0,0.4759856233756181
419,0.5020907701177484,0.02853290031578015,2.244764954010172
420,0.4094497710817995,0.0233080085209563,1.821884607487288
421,1.870432595111233,0.3073638629146678,5.893790269259393
422,1.393170792670927,0.4221175732108564,3.415015286167221
423,0.2804777428148231,0.01595771106676971,1.251418795540628
424,0,0,1.315639727882411
425,0.4983210650139471,0.02813351900596047,2.274686131185227
426,0.5485653001468367,0.03120345066357325,2.429379795223799
427,3.132040764095874,1.103226175482879,6.942745613571515
428,0.3330510255325952,0.01896509393833533,1.487253174045418
429,0,0,0.969775780746859
430,0,0,0.6485945732699319
431,0,0,0.969775780746859
432,0,0,0.7579139900461169
433,0,0,0.6370485282537605
434,0,0,0.6370485282537605
435,0,0,0.7579139900461169
436,0,0,0.784982280993964
437,0,0,0.9346114035354749
438,0,0,1.315639727882411
439,2.507576587701254,0.634617056653109,6.483886514862463
440,0,0,0.5402648357905586
441,0,0,1.050538529977258
442,0,0,0.6370485282537605
443,0,0,0.6370485282537605
444,0,0,1.148437038894575
445,0,0,0.5402648357905586
446,1.040834290672116,0.1704203690530579,3.362473125850746
447,0,0,1.689393642630127
448,0,0,5.100208030774308
449,0.2880031889105426,0.01628274837643612,1.308706587688054
450,0,0,1.407363847946852
451,0,0,1.730173026954452
452,0,0,1.148437038894575
453,0.2839705016552418,0.01609058880086689,1.28705953643355
454,0,0,1.148437038894575
455,0,0,1.148437038894575
456,0,0,1.050538529977258
457,0,0,0.5855796322736927
458,0.2847773621271437,0.01613003431863059,1.29281937774768
459,0,0,0.6370485282537605
460,0.6181050528565627,0.03514217683958528,2.764097694146729
461,0,0,1.689393642630127
462,2.830061327967962,1.093055400366781,6.086313337380889
463,1.537801495951234,0.5420819102684732,3.447989113286743
464,0,0,1.689393642630127
465,1.738668351569609,0.2863774201789966,5.498536452096062
466,0.6708852167125072,0.1108707176867684,2.107897964660707
467,0.7172990014405229,0.1180774613213214,2.27844698289308
468,4.303130571715225,1.672790484144684,9.160735186654918
469,0.6498531485691149,0.1061490352503348,2.112527349964035
470,0,0,1.051529873476515
471,0,0,1.050538529977258
472,0,0,1.148437038894575
473,0,0,0.6217106749833647
474,0.3004429576874852,0.01699877317563975,1.36180001075273
475,0,0,5.100208030774308
476,0,0,0.9346114035354749
477,0,0,1.315639727882411
478,0,0,1.730173026954452
479,0.2915505916028751,0.01649337667504211,1.321406381950419
480,0,0,0.6417340275586447
481,0,0,0.4759856233756181
482,0,0,0.6217106749833647
483,0,0,0.9346114035354749
484,0,0,0.6417340275586447
485,0,0,1.407363847946852
486,0,0,0.9346114035354749
487,0,0,0.5402648357905586
488,0,0,1.730173026954452
489,0,0,1.407363847946852
490,0,0,0.9346114035354749
491,0,0,1.689393642630127
492,0,0,0.6417340275586447
493,0,0,0.6485945732699319
494,0,0,0.6417340275586447
495,0,0,1.148437038894575
496,0.8176693486983616,0.1345918785560274,2.582873575121232
497,0,0,0.7579139900461169
498,0.3454080790129501,0.01961637117963792,1.546436514366558
499,0,0,1.148437038894575
500,0,0,0.7579139900461169
501,1.749368974176605,0.5340261271588171,4.241554595628024
502,0.5979927247741708,0.0979371918076105,1.927162173861321
503,0.5009063292972596,0.02838172774979652,2.269072195264327
504,1.799843007076174,0.4446011518801101,4.742676333991667
505,0,0,0.5402648357905586
506,2.68099024510377,0.8250860084075743,6.326136417307374
507,0.7904791533231589,0.1939919309851556,2.124775145326218
