residue,chain,amino_acid,wcn_sc,wcn_ca
28,A,M,0.409793629252,0.55528889909
29,A,P,0.495776664863,0.612321129503
30,A,L,0.682799218806,0.789149359362
31,A,V,0.641631726133,0.817455585562
32,A,V,0.625546371289,0.818072541528
33,A,V,0.715542589521,0.866865719524
34,A,L,0.955905110205,1.02165495274
35,A,S,0.84455451576,1.00969077858
36,A,T,0.727015162365,0.930016158677
37,A,I,0.95834244612,1.07436666857
38,A,C,1.06473267222,1.18411782526
39,A,L,0.744887883519,1.00525896593
40,A,V,0.884364172369,1.05535527034
41,A,T,1.26234021756,1.28985376612
42,A,V,0.95365877174,1.14524247822
43,A,G,0.918827815295,1.05434252488
44,A,L,1.00843977906,1.18415665574
45,A,N,1.28542842478,1.32523734575
46,A,L,0.851186483548,1.13437410369
47,A,L,0.977634138009,1.1121025568
48,A,V,1.21549523514,1.2383765515
49,A,L,1.05394548596,1.14645583693
50,A,Y,0.678240079161,1.00082676621
51,A,A,1.0341622833,1.09539794275
52,A,V,1.03890405064,1.10750022732
53,A,R,0.823824206794,0.895004090294
54,A,S,0.766264418734,0.836116440039
55,A,E,0.76505103892,0.903006649557
56,A,R,0.524083728481,0.801956984391
57,A,K,0.697733114887,0.867332232088
58,A,L,1.03609791302,1.06363188387
59,A,H,0.720588428503,0.977759830503
60,A,T,0.985795655183,1.05088050504
61,A,V,1.00822085828,1.09945760928
62,A,G,1.1866634738,1.20588844457
63,A,N,1.15905211919,1.25674376376
64,A,L,1.02259712658,1.23105793194
65,A,Y,1.19255585991,1.35798819789
66,A,I,1.27071474027,1.3616065954
67,A,V,1.10471238057,1.29745045621
68,A,S,1.25233544333,1.31939672886
69,A,L,1.38412178574,1.44836424173
70,A,S,1.27047469542,1.40440642691
71,A,V,1.08643841942,1.27669831303
72,A,A,1.3955299811,1.40304322948
73,A,D,1.43144970679,1.45497766729
74,A,L,1.06359132682,1.33215639473
75,A,I,1.09735582383,1.24571454076
76,A,V,1.36399639295,1.38131896916
77,A,G,1.25544623923,1.33074464662
78,A,A,0.968436102374,1.10123591546
79,A,V,0.988387680659,1.12104302617
80,A,V,1.22894502936,1.26264106873
81,A,M,1.25367596771,1.24476861333
82,A,P,0.964684472688,1.06476279564
83,A,M,0.926682579557,1.06555988537
84,A,N,1.05949896381,1.12839928287
85,A,I,0.92763528059,1.04604358449
86,A,L,0.752955674222,0.956126120624
87,A,Y,0.886716107668,1.00491142846
88,A,L,0.835594330841,0.912532242832
89,A,L,0.603308648764,0.788296375562
90,A,M,0.585887892266,0.764275635579
91,A,S,0.581065067202,0.76116254915
92,A,K,0.492107794195,0.744800036938
93,A,W,0.764269171359,0.841763671325
94,A,S,0.609319458163,0.707993147865
95,A,L,0.895747533366,0.828502208137
96,A,G,0.657348708572,0.746453301122
97,A,R,0.600408227442,0.747620031209
98,A,P,0.5683234885,0.749974367224
99,A,L,0.700200525259,0.892005586129
100,A,C,0.99111759338,1.02360605171
101,A,L,0.791218204581,1.00004704691
102,A,F,0.806451183648,1.02910368177
103,A,W,1.08219427337,1.15583484494
104,A,L,1.0386118112,1.16946714212
105,A,S,1.03249994082,1.19462857317
106,A,M,1.03671879507,1.23112759247
107,A,D,1.19093831502,1.28588130506
108,A,Y,1.11212903887,1.26206267478
109,A,V,1.12189322211,1.31230890914
110,A,A,1.30148211934,1.38992174818
111,A,S,1.28022711036,1.37757099742
112,A,T,1.21847374989,1.3548618136
113,A,A,1.34452579315,1.41582471247
114,A,S,1.41479352231,1.46072555439
115,A,I,1.22984585056,1.38231569556
116,A,F,1.12583480064,1.36449957412
117,A,S,1.34098833609,1.43416919565
118,A,V,1.29920613708,1.41098558806
119,A,F,1.04860631132,1.32378641447
120,A,I,1.10956827209,1.28277676063
121,A,L,1.27440808429,1.36116714962
122,A,C,1.1565080559,1.32063825865
123,A,I,0.958672441994,1.1757999932
124,A,D,1.15010518314,1.20930295598
125,A,R,1.21950456716,1.25649305833
126,A,Y,0.884867959263,1.17847683319
127,A,R,0.955087999192,1.04997524565
128,A,S,1.02281786069,1.11092338803
129,A,V,1.00240296623,1.07945282689
130,A,Q,0.756989033565,0.915055441362
131,A,Q,0.682819272922,0.863275620842
132,A,P,0.697665341035,0.85315567688
133,A,L,0.557135509965,0.745203346127
134,A,R,0.823706340788,0.842993848076
135,A,Y,0.494511785,0.713978943814
136,A,L,0.608768563864,0.668875716752
137,A,K,0.53757483746,0.757428702719
138,A,Y,0.79946416585,0.90264541121
139,A,R,1.02085285575,0.978821095603
140,A,T,0.728916746057,0.93947198939
141,A,K,0.674306479169,0.922727850496
142,A,T,0.629855153193,0.81691073852
143,A,R,0.727738002073,0.962072622949
144,A,A,1.03881838038,1.12074848638
145,A,S,0.856772362849,1.02318432852
146,A,A,0.76295721666,0.936674704957
147,A,T,0.949219750336,1.07384892034
148,A,I,1.05674194696,1.18209029002
149,A,L,0.722841067245,1.00964086969
150,A,G,0.846922097146,0.98234186514
151,A,A,1.09892991155,1.16935042341
152,A,W,1.12386268793,1.15216061964
153,A,F,0.668470621107,0.978902677645
154,A,L,0.862375020435,1.02239806346
155,A,S,1.18923555894,1.22796733049
156,A,F,0.901990809015,1.07539353971
157,A,L,0.768389131621,0.971361124029
158,A,W,1.07633306837,1.09942899666
159,A,V,0.898494464407,1.01234675232
160,A,I,0.686343490824,0.866968013542
161,A,P,0.848233024342,0.925322545352
162,A,I,0.987753719325,1.00143988741
163,A,L,0.671937410735,0.807569965333
164,A,G,0.702011766466,0.785952819373
165,A,W,0.564268545534,0.682780845371
166,A,N,0.458018134031,0.554229655314
167,A,H,0.489002839025,0.534761952743
175,A,R,0.538009970419,0.628611956585
176,A,R,0.676882284285,0.74324494158
177,A,E,0.585513720798,0.785353396851
178,A,D,0.89227844674,0.920723772702
179,A,K,1.03386574498,1.00306901038
180,A,C,1.04912151909,0.981577186051
181,A,E,0.85042762374,0.969308298939
182,A,T,1.01172188566,1.01932203364
183,A,D,0.747095453517,0.890237641414
184,A,F,0.950928110348,0.915210997483
185,A,Y,0.787062186664,0.930310396225
186,A,D,0.607940417516,0.779990584749
187,A,V,0.691409893455,0.832536950715
188,A,T,0.681775114178,0.872570895644
189,A,W,0.585312952724,0.779651745118
190,A,F,0.854847041828,0.895428329574
191,A,K,0.922421270936,1.02604375727
192,A,V,0.758891939902,0.98334730592
193,A,M,0.697772640729,0.92809716845
194,A,T,0.983022048982,1.06335188452
195,A,A,0.976992690261,1.12481691178
196,A,I,0.786260170397,1.07040452246
197,A,I,0.816042955411,1.0130434231
198,A,N,1.07396670653,1.16085801762
199,A,F,1.14905578282,1.21040974986
200,A,Y,0.914352592967,1.08333212664
201,A,L,0.801276375864,1.02283409655
202,A,P,1.0709706609,1.15960103347
203,A,T,1.05634350547,1.17749556209
204,A,L,0.747668601427,1.01531158602
205,A,L,0.809345194807,1.03190112982
206,A,M,1.17899614893,1.21351406123
207,A,L,0.895077194395,1.10335398128
208,A,W,0.673723097679,0.979746730128
209,A,F,0.899288157309,1.09372338878
210,A,Y,1.07293331096,1.19051807639
211,A,A,0.779427253485,1.00568024409
212,A,K,0.744080256096,1.00344368653
213,A,I,1.06308921087,1.15620483408
214,A,Y,0.829979663286,1.07843989104
215,A,K,0.643581609736,0.939701981213
216,A,A,0.883616619601,0.965292038648
217,A,V,0.995074103099,1.04220900621
218,A,R,0.725752980027,0.954336417259
219,A,Q,0.821326066836,0.916349013406
220,A,H,0.897675414184,0.987251706727
221,A,C,1.02666632778,1.04885644228
1002,A,N,0.89778474358,1.04091790283
1003,A,I,1.07749680868,1.13309921471
1004,A,F,1.01185571607,1.09521486315
1005,A,E,0.924357213497,1.09460017251
1006,A,M,1.22313207151,1.20433098342
1007,A,L,1.16217718264,1.20887681312
1008,A,R,0.863397859969,1.13676686677
1009,A,I,0.921885258038,1.03565451084
1010,A,D,1.11598634793,1.07492907174
1011,A,E,0.997467663595,1.04261762299
1012,A,G,0.841931756672,1.00035395328
1013,A,L,0.936448765129,1.02117014218
1014,A,R,0.736268796786,0.978253939556
1015,A,L,0.766881519635,0.925783625598
1016,A,K,0.588166516811,0.888655280235
1017,A,I,0.907841095509,0.956849410772
1018,A,Y,0.634093620614,0.861393655343
1019,A,K,0.582693063934,0.820990614812
1020,A,D,0.66374362924,0.746197175097
1021,A,T,0.472281047857,0.580838500361
1022,A,E,0.456440670602,0.591326489146
1023,A,G,0.619209860625,0.699967669656
1024,A,Y,0.607628520629,0.837382107451
1025,A,Y,0.781680777837,0.980134478058
1026,A,T,0.855582895494,1.05057292285
1027,A,I,0.990806996498,1.10418175906
1028,A,G,1.02461586295,1.15545358695
1029,A,I,1.06276527099,1.15291041369
1030,A,G,0.958025494923,1.06529212239
1031,A,H,0.94444205893,1.06576701151
1032,A,L,0.757531567183,0.979226327573
1033,A,L,0.939812376388,0.949347121989
1034,A,T,0.66365145532,0.774071653783
1035,A,K,0.452581474482,0.667906658197
1036,A,S,0.818735640548,0.812919765814
1037,A,P,0.532135562127,0.633128305717
1038,A,S,0.568894811614,0.672174529058
1039,A,L,0.694799491046,0.762156285951
1040,A,N,0.517923787362,0.706582768931
1041,A,A,0.687555202681,0.786465565333
1042,A,A,0.910796103509,0.959451195386
1043,A,K,0.730045148229,0.913614923518
1044,A,S,0.552325951747,0.800893778891
1045,A,E,0.759291182848,0.860016012264
1046,A,L,0.967431001436,0.973202480968
1047,A,D,0.709311323434,0.892093889902
1048,A,K,0.470306991424,0.758368798624
1049,A,A,0.794758388939,0.828452693098
1050,A,I,0.888772145896,0.847880471644
1051,A,G,0.566043453371,0.694960032176
1052,A,R,0.657525255159,0.672336541516
1053,A,N,0.490900744003,0.650661335362
1054,A,T,0.861170677803,0.799971425674
1055,A,N,0.553805993968,0.716285473992
1056,A,G,0.858303314184,0.883796620751
1057,A,V,0.664460443112,0.859895785479
1058,A,I,0.961565086988,0.90608845217
1059,A,T,0.71367515764,0.826632155262
1060,A,K,0.796764737953,0.875376499402
1061,A,D,0.660316616986,0.832962876961
1062,A,E,0.818142847481,0.940063962953
1063,A,A,0.992745377289,1.09555757134
1064,A,E,0.862596953586,1.03196855921
1065,A,K,0.700000306984,0.930753186772
1066,A,L,0.963173355454,1.0302625606
1067,A,F,1.06646549909,1.12018854722
1068,A,N,0.807032097709,0.989576469882
1069,A,Q,0.749393273726,0.940101810492
1070,A,D,0.932795444263,1.04103585486
1071,A,V,1.00743490205,1.0796086842
1072,A,D,0.723689431124,0.929773815207
1073,A,A,0.810426232699,0.934609710282
1074,A,A,1.03268903372,1.07766860753
1075,A,V,0.895201269945,1.02264563027
1076,A,R,0.647389833603,0.87335130783
1077,A,G,0.822208445941,0.932544000258
1078,A,I,1.04527828431,1.05993159969
1079,A,L,0.752330302959,0.905629942936
1080,A,R,0.5463821061,0.758841442639
1081,A,N,0.804679854739,0.870917488829
1082,A,A,0.544335499847,0.730808304586
1083,A,K,0.709825627255,0.838771852814
1084,A,L,1.00918166714,1.03322617092
1085,A,K,0.64774213246,0.94750633561
1086,A,P,0.697811619641,0.856423377056
1087,A,V,0.966670239857,1.05167844541
1088,A,Y,0.960869241722,1.07142605571
1089,A,D,0.691540188809,0.87714194569
1090,A,S,0.791356818089,0.882409681864
1091,A,L,1.01325829687,1.03239255223
1092,A,D,0.934685895549,0.948477329079
1093,A,A,0.81278094162,0.950894935411
1094,A,V,1.05756387656,1.13129234503
1095,A,R,1.06902210041,1.22054232673
1096,A,R,0.864626432783,1.1838035301
1097,A,A,1.13976397227,1.22563457281
1098,A,A,1.2270801862,1.2891344067
1099,A,L,1.10886501602,1.2409053806
1100,A,I,1.10501035474,1.22861813369
1101,A,N,1.22311873306,1.2474795929
1102,A,M,1.1504615272,1.20388230089
1103,A,V,1.0993826914,1.20360291162
1104,A,F,1.07556394402,1.11984154709
1105,A,Q,0.984984939056,1.02806541143
1106,A,M,0.959432004672,0.975932919541
1107,A,G,0.887624043442,1.01075307851
1108,A,E,0.917157313759,1.00303441605
1109,A,T,0.651070114725,0.846321809387
1110,A,G,0.83538474582,0.916306016575
1111,A,V,1.08783493175,1.07207069912
1112,A,A,0.895253738375,0.982122082166
1113,A,G,0.777658243932,0.836956903322
1114,A,F,0.944050279077,0.948080691301
1115,A,T,0.67029433567,0.84098422339
1116,A,N,0.626614674999,0.824473472907
1117,A,S,1.00001143456,1.04394158717
1118,A,L,0.967757513438,1.06753740971
1119,A,R,0.61351679585,0.933463291064
1120,A,M,0.843385377424,1.0141603336
1121,A,L,1.06179722398,1.11164842863
1122,A,Q,0.73644616442,0.975178989565
1123,A,Q,0.620591141139,0.823439087002
1124,A,K,0.706051645469,0.894297039442
1125,A,R,0.647020575519,0.916914408507
1126,A,W,0.892760459974,1.04766057265
1127,A,D,0.717668733293,0.927408419616
1128,A,E,0.665240051538,0.890269829257
1129,A,A,0.998016727062,1.11004265133
1130,A,A,0.931474215667,1.10271258656
1131,A,V,0.68602995315,0.909993811026
1132,A,N,0.806061440313,0.939084232497
1133,A,L,1.08421453595,1.05989736128
1134,A,A,0.825975223709,0.961372808943
1135,A,K,0.597583211391,0.799939146525
1136,A,S,0.84844154928,0.883322380113
1137,A,R,0.499285018034,0.77930534728
1138,A,W,1.06276427942,0.930397535986
1139,A,Y,0.820330486458,1.01232352139
1140,A,N,0.536800566293,0.789239790935
1141,A,Q,0.584857387259,0.766519222066
1142,A,T,0.822091156421,0.887122414871
1143,A,P,0.709753223319,0.917688811203
1144,A,N,0.692446700719,0.906351776579
1145,A,R,1.07160234287,1.06790903411
1146,A,A,1.01348496545,1.14139576156
1147,A,K,0.757924319497,1.07379846523
1148,A,R,0.939860908072,1.1570874972
1149,A,V,1.1851879933,1.25072157315
1150,A,I,1.03606449224,1.21312065614
1151,A,T,0.978333295441,1.15749254356
1152,A,T,1.17648748852,1.26800274995
1153,A,F,1.17385939799,1.23197422695
1154,A,R,0.870786790442,1.13353504046
1155,A,T,1.00968814677,1.04108706896
1156,A,G,1.08062189814,1.09529425857
1157,A,T,1.01730649081,1.08391423305
1158,A,W,1.05584817995,1.14334583422
1159,A,D,0.989011216535,1.09557234947
1160,A,A,1.04819915033,1.09505893365
1161,A,Y,1.15898270195,1.10188026213
405,A,L,1.00165181266,1.05176360682
406,A,H,0.742099190446,0.937870153434
407,A,M,0.839553793267,0.989820219079
408,A,N,0.948566203298,1.06688598605
409,A,R,0.739925128521,1.0496084262
410,A,E,0.935881756105,1.16063711284
411,A,R,0.999156701349,1.17872588457
412,A,K,0.940453820007,1.16847486422
413,A,A,1.10085381709,1.24763560773
414,A,A,1.07270910747,1.26680571058
415,A,K,0.973692839481,1.18815750909
416,A,Q,1.19800312686,1.29761157821
417,A,L,1.25182539477,1.33370434702
418,A,G,1.12813240291,1.23870411429
419,A,F,1.02520614269,1.22217801403
420,A,I,1.2932157868,1.34056245153
421,A,M,1.19247973887,1.30113949381
422,A,A,0.990330282484,1.16506140005
423,A,A,1.19378009186,1.24760213072
424,A,F,1.30485673038,1.32995510675
425,A,I,1.05208738975,1.19670196996
426,A,L,0.879121819504,1.09127185192
427,A,C,1.18666041633,1.25570693549
428,A,W,1.27606158981,1.27664892732
429,A,I,0.918971866028,1.1328142265
430,A,P,0.932650985377,1.04449626228
431,A,Y,1.1036748496,1.18425539624
432,A,F,1.13131254946,1.14968726544
433,A,I,0.774820103133,1.0044845935
434,A,F,0.891144554992,1.0353688757
435,A,F,1.00824626028,1.07166077057
436,A,M,0.699987787798,0.938322256189
437,A,V,0.737434351272,0.883912106257
438,A,I,0.851328845972,0.945521920135
439,A,A,0.752592880704,0.888125430174
440,A,F,0.451311394028,0.707057036683
441,A,C,0.683154414277,0.722738233872
442,A,K,0.543482403849,0.717035544611
443,A,N,0.686488018382,0.776247977432
444,A,C,0.678939411567,0.704482353698
445,A,C,0.652704827701,0.723738204063
446,A,N,0.568156051644,0.740632519084
447,A,E,0.805233750447,0.875938558365
448,A,H,0.602781582526,0.806689703112
449,A,L,0.747649700518,0.892383487457
450,A,H,0.966614113154,1.03392423193
451,A,M,0.90392080722,1.04711585211
452,A,F,0.801341061511,1.05722597267
453,A,T,0.97464374312,1.16465724183
454,A,I,1.08712757533,1.20825039678
455,A,W,1.10710865705,1.21604910156
456,A,L,0.990507495526,1.22225288123
457,A,G,1.25461463882,1.34991273906
458,A,Y,1.23717051244,1.33987176147
459,A,I,1.04101530958,1.26848891513
460,A,N,1.35008230812,1.36936091388
461,A,S,1.39888844099,1.41828592172
462,A,T,1.16749973792,1.3029335216
463,A,L,1.04463957824,1.2444329636
464,A,N,1.35527707826,1.34657054965
465,A,P,1.23196350807,1.29635713276
466,A,L,0.921236247325,1.14321364068
467,A,I,1.15325404159,1.2221474986
468,A,Y,1.27670365126,1.26210208441
469,A,P,1.00762137785,1.19498538361
470,A,L,0.895616217803,1.04558803593
471,A,C,1.10982714102,1.14468461493
472,A,N,1.07353993717,1.17709480029
473,A,E,0.837595367495,1.02837793777
474,A,N,0.887778492459,1.02599533189
475,A,F,1.16319429363,1.17619137337
476,A,K,0.808492622235,1.09691784858
477,A,K,0.671910687925,0.952412127887
478,A,T,0.932177244554,1.01767923383
479,A,F,1.04529110472,1.03949463807
480,A,K,0.684368197266,0.893569943282
481,A,R,0.656949415424,0.831501712182
482,A,I,0.74986750361,0.858018762582
483,A,L,0.671847256992,0.779391666295
484,A,H,0.524492365083,0.652825281216
485,A,I,0.44185056882,0.605465880775
