Site,alpha,beta,alpha=beta,LRT,p-value,Total_branch_length
1,0,0,0,0,1,0
2,0,0,0,0,1,0
3,0,0,0,0,1,0
4,0,0,0,0,1,0
5,0,0,0,0,1,0
6,0,0,0,0,1,0
7,0,0,0,0,1,0
8,0,0,0,0,1,0
9,0,0,0,0,1,0
10,1,0.07091883514269458,0.06994773131610953,-0.3433571389832757,1,1.61959979228648
11,1,0.2782402460063406,0.2802087737119878,-1.256439168523961,1,1.155776401536694
12,1,1.254729660837381,0.9678170588039109,0.1764236600213849,0.6744648780521512,5.164479079755752
13,1,0.6251469463005549,0.8195607549286795,0.8741173757049552,0.3498179613325421,3.690415700554511
14,1,0.0851649777233974,0.2152997161878763,2.998978568874357,0.08331702947868869,1.430521069048267
15,1,0.4208192237804018,0.5581191738698641,-3.050236128503897,1,1.895766283701208
16,1,4.004733053112191e-17,0.1426180096990978,5.637946449723525,0.01757578154035966,0.7529381009785029
17,1,0.7396252603140523,1.090955609008585,-15.04356071922957,1,3.013874237613134
18,1,2.02742837088913,1.339570755076419,2.637477786534788,0.1043691205618816,9.205867811503012
19,1,1.883276974525029,1.300549690579283,0.8211357782858357,0.3648483001891025,8.991366173258637
20,0,0,0,0,1,0
21,1,0.08168998579978914,0.1344779475095096,-0.3928647462984856,1,2.066149426126631
22,1,0.5888238361276323,0.5080152056535674,0.6025872284360432,0.4375925804721016,2.427625481637649
23,0,0,0,0,1,0
24,1,0.162388871694049,0.2460789504690457,1.176560947601736,0.2780572319701516,1.304815000597383
25,1,9.555848176237971e-17,0.06896139258936812,3.503222192521285,0.06124955054539738,0.3319760838393064
26,1,0.4233057349419163,0.7203482885609418,-20.82089747530418,1,1.707831998534597
27,1,2.731941657024047e-16,0.07093550157672805,4.288477196753201,0.03837151876239742,0.9717954476845407
28,1,0.2810817886065896,0.2328061199890055,0.8032663947629715,0.3701185621088385,1.167948694884838
29,1,3.17603086687411e-16,0.3511740926076099,4.606245987106462,0.0318556963460267,0.3140701951973571
30,1,0.5514555984701253,0.554081723636601,-0.3518024977666414,1,2.577412419837735
31,1,0.960006917384924,0.9713376391019114,-0.5220211443894556,1,4.409662204198336
32,1,0.175009101500728,0.1959842268956706,-2.469289975224676,1,1.978009114787691
33,0,0,0,0,1,0
34,1,5.114956077737342e-17,0.3740667478543336,0.7040101378667813,0.4014395016817536,0.2643951301608098
35,1,0.9230774327745281,1.075556781173273,-3.745777606989662,1,4.025934450006197
36,1,0.6583159768865734,1.050764301609338,1.460440241068511,0.2268600868523311,3.962294430789954
37,1,0.2192431713060558,0.5105189404545669,4.906188917934813,0.02676062358063913,2.253901914330122
38,1,0.3648303106142888,0.383362218309755,-0.1564583105753599,1,2.08045290604311
39,1,0.5117731353976916,0.4685617048038941,0.2071325641234409,0.649024214552696,2.469458204356067
40,1,9.555848176237971e-17,0.5186878364810082,10.10698463889592,0.001477084403034068,0.6321194051802194
41,1,0.1508741396080537,0.2316120688481006,-0.1938099563822036,1,1.275287417080339
42,1,0.09193025939308776,0.2789931564511146,1.027696805692599,0.3107002363526564,0.6631488164992851
43,1,0.09353290733813618,0.1348308688263782,0.4021560388527163,0.5259778841375807,0.7331825788067091
44,1,0.09284747616857623,0.3805278416610625,-3.606503001166054,1,0.536083788172272
45,1,5.840566125974614e-16,0.4070677691083758,4.967861763545677,0.02582255143874346,0.513356150234208
46,1,6.740639792367023e-18,0.1238248629578338,7.233887001573148,0.007154014690756272,0.5491601926463855
47,1,0.7614719299814908,1.001638587374994,-14.46864862707756,1,3.071860323015996
48,1,0.3375917029240547,0.4054268086508153,-0.04625875611250052,1,2.639096364671181
49,1,0.09588054964180899,0.144241272888322,0.4744020104587321,0.4909689780046912,0.9127052108950457
50,1,3.17603086687411e-16,0.4163030738635617,-3.24271395311137,1,0.194590609274748
51,1,9.555848176237971e-17,0.068807200173938,2.632062392374582,0.1047256012529153,0.5616192034632205
52,1,3.17603086687411e-16,0.5062034269303415,-15.86986692723842,1,0.09282526932983161
53,1,9.555848176237971e-17,0.1366971448457173,5.402074952311114,0.02011282614731291,0.6829004714871374
54,1,0.4937055953805327,1.014074145163662,-23.92122536003417,1,2.067768547088405
55,1,0.1052829648435402,0.07485469655219833,-6.305470525685454,1,1.769676713793654
56,0,0,0,0,1,0
57,1,0.2605765075976537,0.2386219653988925,-1.247604134788048,1,1.095013747570881
58,1,9.555848176237971e-17,0.1489548101711225,2.621840463587798,0.1054021244285047,0.3219161388658783
59,1,3.17603086687411e-16,0.2850703736663382,1.909783084041564,0.1669873560913613,0.2009494694909187
60,1,3.17603086687411e-16,0.1479609203773218,2.708476921777319,0.09981625033946884,0.3845779823425542
61,1,0.2112633925572367,0.4672233177656097,-5.113882750944676,1,1.00552226303624
62,1,9.555848176237971e-17,0.4385394332402276,11.09030549710835,0.0008678018717442892,0.6303138363301248
63,1,0.09402632331165266,0.4596407447077824,3.9369557922696,0.04723618392827345,0.9503028579420335
64,1,0.2291025561610403,0.7034163655772391,-0.1524484068495866,1,1.494049740178362
65,1,0.271720773169151,0.6868020145579553,3.565521734662013,0.05899119984615342,1.985495641395564
66,1,9.555848176237971e-17,0.0696502543642595,4.056345090723397,0.04400564760714865,0.9265394001856191
67,1,0.3087322778383975,0.4935904867533887,-11.56092586770573,1,1.271694072128088
68,1,4.004733053112191e-17,0.1518425103704314,7.171230589819018,0.007408193960555032,0.6658848166427744
69,1,1.028145822447522e-15,0.5820009378822132,-6.09003041972457,1,0.2048451598847617
70,1,0.08565789969097032,0.303543755881598,5.271625892749285,0.02167575819507772,1.111918201668798
71,1,9.555848176237971e-17,0.6853377760826945,2.293390414170986,0.1299258375194549,0.4094997445306607
72,0,0,0,0,1,0
73,1,9.555848176237971e-17,0.3208294523619653,13.8470732467046,0.0001983053560052905,0.9245640497791848
74,0,0,0,0,1,0
75,1,3.17603086687411e-16,0.3935053990954079,4.182414833320657,0.04084546242482945,0.4328192434680934
76,0,0,0,0,1,0
77,1,9.555848176237971e-17,0.3067226747061418,8.316932336677873,0.003927719719556855,0.5308636968432996
78,1,0.1909571455353316,0.2149441612273428,0.09602900627046296,0.7566480504191394,1.142238993309588
79,0,0,0,0,1,0
80,1,9.555848176237971e-17,0.3137856563662068,3.510624131667193,0.06097648040624459,0.2899732819583595
81,1,5.840566125974614e-16,0.6926176485266914,2.145033494348795,0.1430319148591497,0.4233167167156933
82,1,0.09238153296419147,0.2037408581819721,1.775920246248198,0.1826510958252692,1.286796019060013
83,1,9.555848176237971e-17,0.3523344607036177,3.540331321047162,0.05989349625100748,0.2748593168509094
84,1,4.004733053112191e-17,0.1392446483371887,6.745908830790281,0.009396289924987977,0.4753214943540414
85,1,0.1510068152385819,0.3037385557267976,-1.827558945023142,1,0.7639006553302485
86,1,9.555848176237971e-17,0.5421011576916424,4.879368866533653,0.02717955548080297,0.4097625418549286
87,1,9.555848176237971e-17,0.1352060747470935,5.29044693144122,0.02144271631900019,0.7313287830275573
88,1,5.840566125974614e-16,0.561506783068081,-6.762326061260026,1,0.1824015549492164
89,1,0.1741596447084205,0.7480882748513382,3.153981359624837,0.07574194962478187,1.421880891367864
90,1,0.5015962700441342,0.8863452584704734,0.5440492719656049,0.460759404766223,2.922674713327079
91,1,9.555848176237971e-17,0.0680601155985449,0.898539377804962,0.3431736598027932,1.195735869629283
92,0,0,0,0,1,0
93,1,9.555848176237971e-17,0.06618131417707589,1.523864171027263,0.2170356643154696,0.09181740493849207
94,1,0.235860902903075,0.2308226439357187,0.07839528524202422,0.7794839643354731,0.9890293518924117
95,1,0.08113248359649193,0.1391493117982108,0.942530377957187,0.3316279417476767,0.620893191530497
96,1,0.09097852675925218,0.1461173782273791,0.1979080964211235,0.6564146952146308,0.5347800965825072
97,1,0.2373838875800073,0.3362174773900544,-1.697254594232525,1,1.102677944370381
98,1,9.555848176237971e-17,0.176081765988433,5.336012338238572,0.02088920463219324,0.4535786634717503
99,1,9.555848176237971e-17,0.4170543002695534,0.5561150773372745,0.455829785796965,0.2375454503399398
100,1,1.381468560856065,1.026852011102414,2.70786787088403,0.09985437037848299,5.832567530375575
101,1,0.6016608121004886,0.5705247116211696,-0.4262400119424186,1,3.680464237781867
102,1,0.5360167109893804,0.6895718975383719,-0.2008871017901299,1,2.814435045727414
103,1,1.220127130815948,1.135196110041165,0.03493882285563643,0.851723910583823,5.584736408843255
104,1,0.1172605125801454,0.1114130943221295,-0.5818012096243983,1,1.97876906957218
105,1,0.5458648225281524,0.5562865620284898,-3.195045918765842,1,2.232632331288065
106,1,9.555848176237971e-17,0.2205800972382908,3.861142474156708,0.04941666803416522,0.7504657915788682
107,1,0.2511402957621067,0.4017859714023279,-1.647104242838729,1,1.255609902549509
108,1,0.1843428485146573,0.4918896033052171,1.263616144017519,0.2609677122343911,1.245253616458106
109,1,0.2934090171572994,0.5404421627731377,0.8510782437544364,0.3562474867764178,1.782867525369642
110,1,0.1042159078546201,0.07418185962797919,-3.283666729656442,1,1.126646644731392
111,1,4.004733053112191e-17,0.06749670772765695,1.893918109037514,0.1687606590153022,0.1000760252117195
112,1,0.1050256668236567,0.07463205166475566,0.1576493639275185,0.6913299757254012,0.4917022978784436
113,1,9.555848176237971e-17,0.3943003445315524,-6.950294219636767,1,0.1006833627717175
114,0,0,0,0,1,0
115,1,9.555848176237971e-17,0.3428648763200467,7.178049858971981,0.007380088236005111,0.5319361285659406
116,1,9.555848176237971e-17,0.2194061272743014,6.444376420000694,0.01113041041868268,0.4625464254858933
117,0,0,0,0,1,0
118,1,4.004733053112191e-17,0.06725762557015609,3.628216510714498,0.05680766217043687,0.2959927566499975
119,1,5.840566125974614e-16,0.4657640587859782,-9.032391444746573,1,0.09073479508325512
120,1,9.555848176237971e-17,0.06640643229677531,2.131554048550633,0.144294399067052,0.6283452035785544
121,1,4.004733053112191e-17,0.1264901206589808,0.9780184600564716,0.3226885066195262,0.08958648146703882
122,1,4.004733053112191e-17,0.1221415531779612,3.620584753932466,0.05706881116611973,0.1706431810631928
123,1,1.028145822447522e-15,0.4239495658083553,-3.58513454789761,1,0.1647766882164569
124,1,9.555848176237971e-17,0.5461820155534761,9.641170042183305,0.001902639999528333,0.5719348052085256
125,1,4.004733053112191e-17,0.142541056833518,5.60234201431658,0.01793648469880538,0.736834118648885
126,1,4.004733053112191e-17,0.2118068423442612,2.805712898170999,0.09392908385523535,0.1922969101733865
127,1,9.555848176237971e-17,0.3193985643032723,3.999243651591954,0.0455206867102308,0.2857408401563471
128,1,9.555848176237971e-17,0.3741945976501297,8.827289957262579,0.002967587620676282,0.4308888848850772
129,1,4.004733053112191e-17,0.06806948070600372,2.615694572246792,0.1058111860218519,0.5048122030955308
130,1,9.555848176237971e-17,0.1543405336167027,0.466939460431437,0.4943985395892235,0.0918300390613741
131,1,9.555848176237971e-17,0.1444148209191568,3.435574207201292,0.06380640147466221,0.2082151513978723
132,1,0.4223198726955668,0.834586229354846,-14.32094015556177,1,1.805862648352452
133,1,4.004733053112191e-17,0.1348977301540013,7.829346020839395,0.005140469532700642,1.12590966240441
134,1,9.555848176237971e-17,0.2103380517864279,2.556823822976739,0.109819016945948,0.1819855785713381
135,1,9.555848176237971e-17,0.3489242054845428,4.375502512157617,0.03645907854746122,0.2837593487023229
136,1,6.740639792367023e-18,0.06289946280085788,2.884805733722192,0.08941879085876014,0.4707208441547328
137,1,4.004733053112191e-17,0.176081765988433,-0.2970353389288896,1,0.0848553575851324
138,1,4.004733053112191e-17,0.1949821289659598,4.197743997048789,0.04047779515581218,0.2375454503399395
139,1,9.555848176237971e-17,0.1825263863256958,4.08023328690075,0.0433876681190386,0.2630432366091885
140,1,0.09357934055776349,0.2154412800816192,0.4739197161179263,0.4911894211889015,0.6032199288146437
141,1,6.740639792367023e-18,0.08640315317924793,2.756941073455577,0.09683322845503861,0.290643926766177
142,1,5.114956077737342e-17,0.1757644994432126,0.7829876484208533,0.376228965406867,0.1165633239622525
143,1,4.004733053112191e-17,0.1345105472564688,3.751504087377793,0.05276001525002205,0.237117437683779
144,0,0,0,0,1,0
145,1,0.1877991909152834,0.5356140919352446,-8.062787521561333,1,0.8978671739813775
146,0,0,0,0,1,0
147,1,3.17603086687411e-16,0.375551701628401,6.314923306655679,0.01197259239176129,0.7225773206155471
148,1,0.3969862164888543,0.4625907315959822,-0.2098465043513187,1,2.021039778329311
149,1,9.555848176237971e-17,0.070664783985898,1.661271260189018,0.1974317683177642,0.6240641842907705
150,1,3.17603086687411e-16,0.5496886673164509,-16.84817252011861,1,0.0953312674988028
151,0,0,0,0,1,0
152,1,6.740639792367023e-18,0.07171203507387613,3.832724104451158,0.05026118278914249,0.741564813888936
153,1,2.731941657024047e-16,0.2065921630419004,-0.7148127505307471,1,0.0967440755196462
154,1,3.17603086687411e-16,0.3429372637211974,2.572197316125859,0.1087565721491232,0.2787059076276783
155,1,9.555848176237971e-17,0.3427449730768423,8.264248655583167,0.004043339123796286,0.462644080673009
156,1,0.3088404121214438,0.9714774058119352,-8.254895529763814,1,1.640528641249275
157,1,0.750788340446998,0.7196424847053012,-0.3288497000479822,1,4.174642218996818
158,1,5.114956077737342e-17,0.06492858721581746,1.533667898844584,0.2155627922218416,0.9708432735976964
159,1,5.114956077737342e-17,0.07148400261460203,1.458311054406934,0.2271990409879941,0.0875927748880632
160,1,0.1409113510728762,0.8716417575054106,-26.77080772156225,1,0.6339757453802387
161,1,0.2525174275509783,0.5487483764031704,4.603254983978516,0.03191131430948047,2.139186693261187
162,1,0.08211549370964048,0.1259307588855565,0.1030293188420508,0.7482241798188691,1.05354505497031
163,0,0,0,0,1,0
164,1,0.1926648498187086,0.2720672167892978,-1.513732423367664,1,0.9048536899659524
165,1,0.2223535593442008,0.5022141045480554,-1.650436347640714,1,1.215255548855605
166,1,0.2022880325774241,0.3786212947326687,1.752771582208979,0.1855286849986016,1.449193627338675
167,1,0.1913158527621114,0.5091935052979238,0.6662992029560613,0.4143448565210487,1.240603156341805
168,1,4.730343101349462e-16,0.299549444885306,5.27835475280844,0.02159214180031011,0.6869342765117078
169,0,0,0,0,1,0
170,1,0.5863624765362658,0.7527548057676047,-4.331437486079992,1,2.640927950803268
171,1,9.555848176237971e-17,0.2986249034442415,11.45837846089066,0.0007117237679054034,1.015513891105373
172,1,9.555848176237971e-17,0.2800876235339361,6.5553333505339,0.01045702470094723,0.4028639011721595
173,1,9.555848176237971e-17,0.2100837793941641,6.032534260724567,0.01404455496097212,0.3778559369479688
174,1,0.4300121240977186,1.047782299397632,-16.68201148785111,1,1.923798122711459
175,1,0.1531912139350974,0.3824590996763959,6.076273157229551,0.01370095163391982,1.997908367238303
176,0,0,0,0,1,0
177,1,0.6228795567429974,0.4978915940620431,0.7287029283361619,0.3933039432846746,2.892081266046804
178,1,0.5067384660054386,0.4814657957585503,-0.00517614039529235,1,2.6047596595569
179,1,9.555848176237971e-17,0.4042445368532481,9.975858405949744,0.001586060352175345,0.6495278408569305
180,1,1.457794750724815,1.27329160657513,1.196302760196076,0.2740618916229933,6.106450448273907
181,1,1.808186789830182,1.841860263668942,-0.4930448703465657,1,8.615502336705987
182,1,2.14970715797539,1.891267000119414,0.1894435089835298,0.6633801842475633,10.68534675925465
183,1,1.234290901891668,1.185908729894612,-0.9357493561912804,1,7.259930200382299
184,1,1.040095764483985,1.191375388433157,0.1069451869763327,0.7436491658951647,5.567554473268048
185,1,1.836080052569938,1.782952804323309,-0.07498739874560556,1,8.611397545605529
186,1,1.852197495239432,1.46772471579535,-0.4206885580688038,1,9.470956687411341
187,1,0.4479957793180379,0.6379271213185961,-0.1733084024421743,1,3.689038227425609
188,1,0.8005670762496407,0.7772623092456122,0.04198892128464138,0.8376408918384308,3.914554395835706
189,1,0.2414523447582492,0.2889405049460602,0.6662092093296721,0.414376379450801,1.969652496415746
190,1,0.0853138775720066,0.07124575879602044,-0.921209756918234,1,0.7152487706870364
191,1,2.731941657024047e-16,0.1760361041589017,0.02205718736419016,0.881935068033613,0.09611503930011316
192,0,0,0,0,1,0
193,1,5.114956077737342e-17,0.1077968549057565,3.478332214520407,0.06217737533702805,0.2374838496409777
194,1,9.555848176237971e-17,0.136201194051173,2.744091536746044,0.09761454133326941,0.1454247820611888
195,1,9.555848176237971e-17,0.07727773653522288,2.592008921203,0.1074040315232782,0.1837440338930314
196,1,9.555848176237971e-17,0.3705188500280741,-4.420467861629461,1,0.1042525591645683
197,1,0.1878987659809687,0.3382326425647199,1.129366431389705,0.2879105206102156,1.216637168861024
198,0,0,0,0,1,0
199,1,5.114956077737342e-17,0.2000355247426877,6.680140399804987,0.00974929451617268,0.4562972488757422
200,0,0,0,0,1,0
201,0,0,0,0,1,0
202,1,9.555848176237971e-17,0.1479602423210962,4.469323126825362,0.03450865965747729,0.2698605874506586
203,1,0.8328186899802876,0.6359858826426971,0.5381840876951998,0.4631862752383983,3.37658937792692
204,0,0,0,0,1,0
205,1,5.840566125974614e-16,0.5253343832341789,13.60917151011436,0.0002250831988769297,0.8579852209803943
206,1,5.114956077737342e-17,0.0627237737022363,2.609668873429083,0.1062139382644728,0.7087093427528155
207,1,9.555848176237971e-17,0.1465484613047788,0.3292219550406763,0.5661175887071883,0.08461834186793094
208,1,9.555848176237971e-17,0.07317636212147861,2.680559758670018,0.1015800171016055,0.1977031525203796
209,0,0,0,0,1,0
210,1,9.555848176237971e-17,0.1571335791706687,0.7066655638963653,0.400552991301443,0.0987195454157762
211,1,4.004733053112191e-17,0.2619200408481259,2.369519100346629,0.1237251603795209,0.2119831466824057
212,1,9.555848176237971e-17,0.3117700764639479,3.402236300575076,0.06510809359387526,0.3533467176857521
213,1,9.555848176237971e-17,0.1360142313067763,5.082637652701706,0.02416657866886629,0.4205975718179189
214,1,9.555848176237971e-17,0.2054520059442315,2.697546155811999,0.1005028227954382,0.1834918093139263
215,1,0.4558281963497097,0.6531220327918581,-4.750710136431117,1,2.01603101164759
216,1,9.555848176237971e-17,0.3238684325071963,7.928935191750231,0.004865041882047727,0.8811029724490066
217,0,0,0,0,1,0
218,1,5.840566125974614e-16,0.3260101045254884,5.755967127331971,0.01643274736540123,0.4369190200867617
219,0,0,0,0,1,0
220,1,4.004733053112191e-17,0.1534520115301947,5.551571056101412,0.01846410687309374,0.4398082712321568
221,1,2.731941657024047e-16,0.4692951745132392,-2.149439856432146,1,0.2070164788494024
222,1,0.8051967100289962,0.7421445195749858,0.066600099500846,0.7963529220581689,3.704720043902002
223,1,0.1969741731592359,0.2234652139355837,-0.6749505147463211,1,1.752603988222596
224,1,6.740639792367023e-18,0.07109581868373273,3.025031127746665,0.08198874766249076,0.3014687215434121
225,1,5.114956077737342e-17,0.08464207769891781,1.344741394493541,0.2461995414553362,0.09591276059568506
226,1,0.1711106187492647,0.216534949474416,-1.148123617748567,1,0.7669289902279576
227,1,3.17603086687411e-16,0.4817159714174008,1.515538878384973,0.2182958442635632,0.2921193560190404
228,1,3.17603086687411e-16,0.7157415587148195,8.968991931494045,0.002746000628584766,0.6498653436597467
229,1,0.4184545199661124,0.4964752744839989,0.3145058995916941,0.5749282581774959,2.561873297379111
230,1,0.3697040168910513,0.4860490294263382,0.2589740385937063,0.6108258816690855,2.08009900380625
231,1,9.555848176237971e-17,0.2193504538725503,8.866453095260738,0.002904589481937614,0.6557109132467168
232,1,2.731941657024047e-16,0.1930896080979724,5.554395729455607,0.01843433541252082,0.2959176497062629
233,1,3.17603086687411e-16,0.08799370857115787,2.704910764488076,0.1000396795834579,0.2604901061397157
234,1,0.08421222515116596,0.07212317719836285,-0.03965727663766216,1,0.4399563093352091
235,0,0,0,0,1,0
236,0,0,0,0,1,0
237,0,0,0,0,1,0
238,1,3.17603086687411e-16,0.3396859418843788,-5.768064408078899,1,0.09729873227565213
239,1,0.1803393449885917,0.2241817517751764,0.3725536615355054,0.5416155837410408,1.146204444585492
240,1,0.10374865273973,0.1528690399963757,0.4342800282513615,0.5098962421519074,0.6982088734357136
241,1,0.3977593888029332,0.3900647137580057,-0.5320320982739446,1,1.723576215982602
242,1,0.2525161598882859,0.4962274515707781,0.2580999348691151,0.6114285401702841,1.489503936028225
243,1,0.3936926050858678,0.808480641749629,-1.707939219965766,1,2.171274754287269
244,1,9.555848176237971e-17,0.1403670394262215,5.235986059425795,0.02212426372387688,1.090691571937976
245,1,0.1039583418283911,0.2392664350241858,-0.5936851362145958,1,0.5859374280953512
246,1,9.555848176237971e-17,0.1890843779944607,5.11440513928553,0.02372799967496297,0.3227855691928137
247,1,0.3094148429912612,0.2943919336869248,-0.05310171924740814,1,1.435422070862928
248,1,1.18952466924124e-18,0.07766938560399901,3.537980382519873,0.05997845020789583,0.3971533569733736
249,1,0.2359766081253761,0.4345153398321284,-8.885129687375212,1,1.004968872203281
250,1,0.1674599668439205,0.3125706740828063,1.794361562131662,0.1803956520225802,1.225003906508351
251,1,0.7457854043237565,0.8408500272616201,-3.513569675881328,1,3.266650451688978
252,1,0.3609008261913562,0.3929948050329254,0.09548523799072228,0.7573163104169465,2.511100518719836
253,1,0.8053189208706151,0.4028551110988437,1.827608891727287,0.1764102325993603,3.602252216606947
254,1,0.8808207286736689,0.764610861497186,0.5043720711970536,0.4775853455789801,3.903573695348343
255,1,0.3214794162955311,0.5388315793636828,1.836912439221173,0.1753132598570926,2.25786687073063
256,1,0.1670382041832048,0.2102552580951615,0.4580217416893149,0.4985499689418688,1.364124205769951
257,1,0.1699051477824161,0.405194691248776,-1.822947314727195,1,0.9317905724597839
258,1,0.8039068676707477,0.5543008342105257,1.705837477863383,0.1915263284176681,3.613324028374166
259,1,0.08690832604981501,0.1509146736353437,1.504070431387309,0.2200461203076542,1.079319051829094
260,1,0.8773619440790462,1.039403736242356,-11.02320466058313,1,3.550495751797549
261,1,0.6151101296603739,0.8000984555811136,1.153605604867522,0.2827956403630912,3.748702876553803
262,1,0.9011320081141553,1.03055316885942,-0.5443888173494003,1,4.516962242291181
263,1,0.2838045877581677,0.3877658870473421,1.177164348598922,0.2779340348004027,2.472920437073295
264,1,0.08412872701311859,0.2494866103358093,3.024970673885989,0.0819918032924043,0.8440494339880917
265,1,0.6056156549679192,0.8532037623522644,-8.318065055626022,1,2.646835768824375
266,1,0.3274635822236168,0.3808946716064787,0.08430537872492039,0.7715455189298154,2.400212303244134
267,1,0.2790864482862306,0.5573020107582751,-0.5115969062289025,1,1.5784915470192
268,1,0.2528341066758691,0.2944642832591776,0.4340293385187479,0.5100184077378229,1.716330520116997
269,1,0.2025543548232973,0.4500609779290021,-0.6330039782067942,1,1.169941913927623
270,1,0.6481920553896163,0.6604401195755382,-0.2987472031503771,1,3.079840925083167
271,1,0.4242915205674669,0.560221178374536,0.5459786740651467,0.4599654770521614,2.50953475850401
272,1,0.1698074282334557,0.5414492846399956,3.976716524154426,0.04613341001392557,1.403543981754656
273,1,0.5055776693354749,0.3748218285534899,-0.8306306708973707,1,2.659093611510338
274,1,0.8413381809389638,0.6505677972442759,0.3437224933701373,0.5576883688199367,3.715139611230963
275,1,5.114956077737342e-17,0.1195245947554657,4.675567072508063,0.03059460049698137,0.8776571469825326
276,1,0.07670389887437833,0.1248356313046116,0.2197742441550616,0.6392119868744954,0.4538512047017504
277,1,0.7141295285570112,0.7091696634850941,-1.962219180797931,1,2.892625252490673
278,1,0.8873271333860444,0.8464689929949225,-0.02572548887314952,1,4.34163162205309
279,1,0.1713949951370873,0.1792918574270388,-3.267602400997085,1,1.795766551688429
280,1,9.555848176237971e-17,0.1343953370990738,4.488809156329957,0.03411743558399383,0.2418760669267028
281,1,0.3818658352778569,0.8297032968232996,-16.87936736654753,1,1.638024344624365
282,1,0.54193805019462,0.5166034449657773,-0.7359713781940229,1,3.186671699254797
283,1,0.1907034898405911,0.2637510312796312,0.5291068911224954,0.4669825832000065,1.424413811317326
284,1,0.3204361406169627,0.5703302700233104,-3.458897898462709,1,1.578195430480076
285,1,0.6346348292359991,0.6542501463267574,-0.08158114971067221,1,3.190374605109094
286,1,0.7497119126675043,0.7284703268069116,0.01570827616346548,0.9002601955167822,3.742576276298017
287,1,0.9611702083065026,0.9198031904232605,-0.05025074765402593,1,4.649361115949899
288,1,0.271896751127382,0.2354298313878989,-2.021375257298338,1,2.278086476986131
289,1,0.5218890368020223,0.424715221311442,0.3989363582441854,0.5276390775745421,2.30847752001967
290,1,0.4809824640973838,0.3254358437729816,-0.3205006104222008,1,2.407787807610698
291,1,0.665303606328169,0.7081591327601392,-1.454208502892698,1,2.97698974139387
292,1,0.6121272455548078,0.4516771242589475,-1.166747928350695,1,3.290454025871143
293,1,0.8920293787146863,0.7907286702340339,0.5831005805594884,0.4450995522629426,4.01219569877044
294,1,0.5017604074140296,0.6640527858064057,0.8021904353094413,0.3704392713213154,2.980825446710941
295,1,1.935564647542353,1.812862503028916,-0.2987221039638825,1,8.279513220514167
296,1,0.1684472706614069,0.221214560042997,-0.05691352926996274,1,3.088247796338069
297,1,0.6517545807765959,0.6036886118634023,0.5841968937188895,0.444671958583654,2.784702704885363
298,1,0.6576202960790278,0.6590697309995672,-0.02191232442768865,1,3.323060558531676
299,1,0.2155715078897671,0.6388109533637806,3.544829714271138,0.0597312979887521,1.71147472105879
300,1,0.09365563717671341,0.3856658753064418,5.630807003305179,0.01764750523240555,1.219067749157896
301,1,1.33941009852728,0.8874922174096611,3.90976766930963,0.04800623342390431,5.629780718133224
302,1,0.8238296654709181,0.9448229764507521,-0.0008111008501288097,1,4.339974097257854
303,1,0.4252791751007524,0.530360679584392,0.8051036477126914,0.3695718299816124,2.896952876342849
304,1,0.2800868609450488,0.4001694051566937,1.226184595637214,0.2681503286339015,1.78394696274482
305,1,0.3401763209928413,0.2172831970127355,-1.23791756549528,1,1.837535987894911
306,0,0,0,0,1,0
307,0,0,0,0,1,0
308,0,0,0,0,1,0
309,1,0.3705164713556852,0.3163176534830151,0.4342123398833877,0.5099292229182776,1.706550512739074
310,1,0.3551131652956637,0.5521695734457657,-1.606941293672165,1,1.781394751596807
311,1,0.6417102831822098,0.6954356591586676,-0.3066154210992096,1,3.19286564928039
312,1,0.6438866690242688,0.5211011599163627,-0.6956259572099839,1,3.394443002046343
313,1,0.1766746520088389,0.3169151049921643,1.831948073959879,0.1758976219754477,1.37696523106019
314,1,0.8773685194747571,1.071576082989018,-6.065553635047138,1,3.774465926838396
315,1,0.8692707945423136,0.6493119167869293,-1.655742476168399,1,4.761660699596415
316,1,0.2810432196755042,0.3314806469409489,-0.1217404287532347,1,1.948067966743408
317,1,1.078926168752019,1.085522915948525,-3.067549874949663,1,4.56300455151607
318,1,0.5896976812642676,0.7182859862994033,0.7621375536761263,0.3826604075184593,3.713978842875858
319,1,0.2987094981167782,0.4316143761486018,1.502600496115981,0.2202716663510945,2.108510503661174
320,1,0.3435764730699977,0.6062220729656139,-0.4020274051408705,1,1.892927919801938
321,1,0.2224185726518388,0.4596384694231935,2.170976256166341,0.1406369282655426,1.666299614187159
322,1,0.5522787626002239,0.5782896617915088,-0.1964069242052773,1,2.726877883284266
323,1,0.7096484173235211,0.7151153061695698,-0.05313632484205755,1,3.487269201840259
324,1,1.493412862489588,1.298984629116211,0.6695150028901651,0.413220750242232,6.661708414257881
325,1,0.6056156549679192,0.6046268479250708,-1.142678044181679,1,4.062675041577021
326,1,0.6151101296603739,0.6878199916625442,-0.09666072473120835,1,3.162161327785421
327,1,1.667869597166727,1.483233077351772,-0.7485407280385061,1,7.290391317142011
328,1,0.8279547943930406,0.7366207602326272,-1.413516214064245,1,5.159402503551935
329,1,1.179602990690027,1.038904782103979,0.2600983453789354,0.6100525983002985,5.493619494478733
330,1,1.037295985913674,0.7550891935641463,-0.8067138723087766,1,5.358556430569934
331,1,0.5830528655800088,0.6292986438434042,0.08441792246448188,0.7713973217295306,3.24285462780099
332,1,0.2734645902579178,0.2252888263086661,-1.577213993447486,1,1.892158340331763
333,1,0.2486755400431392,0.3091497517712518,-0.4002234213645437,1,1.25255988912185
334,1,0.9640063243709258,0.9024868227080898,-2.164859321000463,1,4.094490140301998
335,1,1.054326963283868,0.9424958946338639,0.1733685202169255,0.6771352857240531,5.239488612290976
336,1,0.8483270424805054,0.8201463982992115,-0.101195484509546,1,4.507628513397813
337,1,0.6904892944719716,1.084570772881101,-0.5520445274818684,1,3.740462297347804
338,1,0.8169468504655024,1.161394784547118,0.4022106858712533,0.5259497695653013,4.579589438600911
339,1,1.28458226236855,1.092679518520329,0.03383188026234052,0.8540648821572017,6.467134527107497
340,1,0.176388036278935,0.3513473747912997,3.549932339666221,0.05954787826198915,2.146967261642382
341,1,2.131135503796378,1.661592679915243,2.889550067338618,0.0891558209790575,8.603704587621055
342,1,0.8288717431533094,1.021139699685388,1.348743328076907,0.2454979301248393,5.403518815115067
343,1,0.5922999049520048,0.4901004871346076,-1.416090912707155,1,3.637048598705205
344,1,1.07301059938287,0.9205451490683928,1.084485055438606,0.2976963808208556,4.754426435731019
345,1,0.8466143264954968,0.8557761166426182,-0.001718459969744401,1,4.471482012257851
346,1,0.807776829950343,0.7180584030117966,-0.2269280175343624,1,4.235949774356563
347,1,0.2281335454380264,0.3782227321065318,1.862810556428371,0.172300771995484,1.838975004069331
348,1,0.2667041264195413,0.6984096739509255,-1.769450199773132,1,1.527651669164162
349,1,0.8002002722802914,0.8597861549417083,-0.2038917215796658,1,3.994749929068635
350,1,1.621307260884785,1.407722754107135,0.5311829246496984,0.4661099576420767,7.344761638743733
351,1,0.8873271333860444,0.8799869226046224,-0.7027592136055318,1,5.284023967828802
352,1,0.3361372252197332,0.4280199678597667,0.9433603121820155,0.3314151511081033,2.469432121606692
353,1,0.8675601918917514,0.8661127160670465,-0.94601280926463,1,3.886937261881514
354,1,0.5535921125626914,0.6015957095879465,0.1788069374323129,0.6724005507152593,3.280247457101324
355,1,0.3024596445939989,0.3709413573876033,-0.1363532558745248,1,1.965393743217608
356,1,0.9065519461147621,0.8418294855326083,0.2668501063631936,0.6054526172745746,3.958677767126608
357,1,0.6622394767386289,1.089107685938345,-0.2912944775287514,1,3.661948618993955
358,1,4.936130869128893e-15,2.648913790527568,0.2124513460222559,0.6448528114441537,1.469275221500857
359,1,0.8818409969765529,0.9665894331016821,-3.046036127419654,1,6.937541107533313
360,1,1.315970153974143,1.221893223789914,0.09530631622645558,0.757536650639484,6.324066226997258
361,1,0.4165870124424207,0.6398168220416399,2.245397427137817,0.1340124734375973,3.237579894689936
362,1,0.6990940479840209,0.9839256543392257,-1.820887082098793,1,3.530011126469527
363,1,0.2863863217837049,0.5429388994160625,3.728830342008713,0.05348083204676679,2.419865596088211
364,1,1.614964079721645,1.43424801480403,-0.1139077316190082,1,6.893117083059033
365,1,0.6477944859452001,0.5903457920622907,-4.156061990356179,1,4.406054926686152
366,1,0.08285304356610025,0.06940633726006758,-2.155270555661922,1,1.112476158693989
367,1,0.2605560605071485,0.5763340101740382,-15.55715041041328,1,1.087585565733171
368,1,1.011942875464515,0.8537611963481978,0.7923159957861614,0.3734007367953648,4.637803804625386
369,1,0.7791212020243846,1.259909971819671,-1.374034144530043,1,4.12391792561206
370,1,0.6283522694329622,1.123940531540201,1.879686199320631,0.1703698175828495,4.096694987725185
371,1,0.2705612808304311,0.4393036543399643,1.636843184008015,0.2007591467285296,2.548386210677489
372,1,0.3566318112211641,0.7746717226842178,-2.295973165230947,1,1.953103883206172
373,1,0.4414981318799358,0.5109188102109724,0.4685046075876542,0.4936759245621537,2.72927906581705
374,1,0.2872432454264022,0.5995040559675607,0.7269291736107419,0.3938803774362735,1.785018352152864
375,1,0.2092123494597612,0.3069024179683776,0.9864868500621427,0.3206025376155572,1.606858357352546
376,1,0.6734418728167834,0.8146614001667302,-2.796510738197099,1,2.983032297216193
377,1,0.567805153551447,0.6751625053325448,0.4033009303826844,0.5253894240663417,3.265055342986196
378,1,1.274900883954354,1.268652995055412,-1.395986958212944,1,5.774244516391528
379,1,1.284567922167627,1.63003644671548,-0.08054399073850149,1,6.611777939724256
380,1,0.3247755515070735,0.4508560705086038,-3.589712233129816,1,3.43795465523359
381,0,0,0,0,1,0
382,1,0.3454099416055768,0.519591715038644,0.1603173813631997,0.6888644795388534,1.925880378192842
383,1,0.6967362030528002,1.007318233415264,-3.554696494163238,1,3.358825294615973
384,1,0.2637518917250556,0.6235558191679875,5.899818966932934,0.01514244109252338,2.365079339876345
385,1,0.425331003284988,0.5537254176650879,0.5196908422841275,0.4709735897046889,2.463740851953319
386,1,0.8234864767981374,0.7957661789412496,-0.09856651368841085,1,3.888392379640939
387,1,0.3226628569292603,0.5835633087103023,2.389533786864433,0.1221500525730241,2.304411877495295
388,1,0.3737756778015611,0.5459497813775879,0.814882495577173,0.3666806653559046,2.213118578342675
389,1,0.4322379829292076,0.5439507073936835,0.2188169512790097,0.6399428243396812,2.385393682625907
390,1,0.6108219295756776,0.6653728503520291,-0.2830596136098933,1,3.063947030706624
391,1,1.274900883954354,1.751394701007445,-6.75643053180616,1,5.761037652023916
392,1,0.6598710505735168,1.071411189671603,3.49468670084066,0.06156605640842816,4.879974765263692
393,1,0.6550516898106927,0.5645229730413842,-1.981097219555522,1,3.944249379001868
394,1,0.4365591752359422,0.4090266739892577,-0.2938150532221186,1,2.426934292622529
395,1,0.299540120395083,0.4257813946097288,0.2901143788823646,0.5901472429641765,1.694468714564754
396,1,1.929056177380226,1.867258813263547,-9.586325685441395,1,7.933241947035729
397,1,0.2703263526359237,0.5234220757746009,0.9950347911023059,0.3185149332275027,3.550273444870813
398,1,0.2480541881237318,0.3762724257426694,1.404882739297243,0.2359077487282929,1.652390225753232
399,1,0.271881018769552,0.346578531513562,0.2874298934556663,0.5918722419032132,1.544769048861873
400,1,0.2129082722980915,0.3566406501083374,0.5348173107165479,0.4645885735102973,1.279744773679822
401,1,0.9792424817628428,0.8039545451856374,1.907015528372725,0.1672951558406148,4.216680254155357
402,1,0.7641667413221603,0.7573877606838741,-0.01926743385124041,1,3.999678312479281
403,1,0.1641715418695417,0.1257816159099139,-4.102305389638598,1,1.648034777766225
404,1,9.555848176237971e-17,0.07484226632436013,1.28187090684748,0.2575514615166485,0.1696873633001195
405,1,0.1632629335858821,0.288742622203333,-4.005144957132984,1,0.7237715940439431
406,1,9.555848176237971e-17,0.2834410124842878,5.247020475933169,0.0219843841320424,0.3895320781149567
407,1,0.1311972901295665,0.1638599809811163,0.175455336597615,0.6753082992570978,0.882862613982697
408,1,0.1923115071010222,0.4005726701532523,-2.826840969755622,1,0.9546747035092413
409,1,0.671867033018884,0.644936955594296,0.008948481905697747,0.9246353967552271,3.103391803151302
410,1,0.09182694106214655,0.542198158075488,7.213808302076551,0.007234483060652774,1.22035612505348
411,0,0,0,0,1,0
412,1,0.08850789505659559,0.2240207644103953,3.134724661598685,0.07664132689982239,1.069093705510529
413,1,3.17603086687411e-16,0.1980803201088745,4.201885787061656,0.04037905246015672,0.3022181943067337
414,1,0.3504315758678517,0.7966582669808385,-10.08125591177725,1,1.604026085439417
415,1,9.555848176237971e-17,0.1996298840193077,8.849895956198164,0.002931055990623266,1.074742439881201
416,1,0.2442723184445734,0.5370852172695069,-4.73176672619374,1,1.201147233005174
417,1,6.740639792367023e-18,0.2632683069825077,9.505693560526847,0.002048353214408993,0.7245619618307908
418,1,5.840566125974614e-16,0.8058136618973688,-3.742435088248484,1,0.3551656140619457
419,1,0.08308602352976317,0.1724183290490588,-0.1725627011172364,1,1.404044713273619
420,1,0.1165061875620156,0.1835314027018671,0.1622325452832065,0.6871093294344177,0.6770433388177233
421,1,0.2263579699895323,0.745420599400746,-7.167428797165961,1,1.111090891124108
422,1,0.7227514382796205,0.6909728590791309,-0.04079918224255152,1,3.762723955518478
423,1,0.2708812541419626,0.56778821804189,2.221008464136645,0.1361441051176683,1.965506021664528
424,1,9.555848176237971e-17,0.2500585964967109,10.65437388606242,0.001098109108441214,0.7659822537293991
425,1,0.1457403935854849,0.4623059481019046,-1.112462695959728,1,0.8933056902856058
426,1,0.08750116773750377,0.1523134875280029,1.467204562472524,0.2257872692520607,0.9574736593742218
427,1,0.5593909145352738,0.5252174566950457,-0.2967099715970392,1,2.339407992163294
428,1,0.08400216869313029,0.07211081522530197,-1.596142837517551,1,1.028997517417517
429,1,9.555848176237971e-17,0.5188902206122651,-11.58593767258544,1,0.09728205519133563
430,1,5.114956077737342e-17,0.241100867093354,9.473456799644314,0.002084661760504591,0.7000157593854901
431,1,9.555848176237971e-17,0.1973440061136473,4.862229154929338,0.02745084620673188,0.3252603341949843
432,1,9.555848176237971e-17,0.1480369935189275,4.244531302650891,0.03937693738514458,0.2662295584156834
433,1,9.555848176237971e-17,0.5179039674928323,-4.269561721051858,1,0.1997112767186494
434,1,1.843763237323921e-16,0.0641173555112176,2.449917478821064,0.1175310468288988,0.698685241486095
435,1,9.555848176237971e-17,0.2153067890075502,-1.538795129983036,1,0.0864983719581662
436,1,5.840566125974614e-16,0.4467434793265169,1.805654310891079,0.1790304166978595,0.2904624897924128
437,1,5.840566125974614e-16,0.5343629211001973,5.724045174297785,0.01673413364562726,0.6026852376640778
438,1,4.004733053112191e-17,0.3515997005344672,12.03166792750294,0.0005230425144782114,0.7208894119454167
439,1,0.3215031904799721,0.547150911109807,-1.087189868596859,1,1.700779358373005
440,1,9.555848176237971e-17,0.07485523902411406,3.312316436058982,0.06876250104282233,0.7381412200967219
441,0,0,0,0,1,0
442,1,9.555848176237971e-17,0.3512088753244254,-7.054829381879081,1,0.100984456649845
443,1,4.004733053112191e-17,0.1310179907653802,5.518938481956774,0.01881167050000143,0.4738030084148793
444,0,0,0,0,1,0
445,1,3.17603086687411e-16,0.2337328781033205,2.023644372384268,0.154867068404733,0.1767515645035102
446,1,0.2267607292762402,0.6065746630767868,-4.286700344199318,1,1.180352279259714
447,0,0,0,0,1,0
448,0,0,0,0,1,0
449,1,0.09362610298808542,0.430639955032737,5.822837373558393,0.0158194057568124,1.175466287560093
450,1,9.555848176237971e-17,0.2867677622747163,8.3003721719206,0.003963695490371344,0.580960563851585
451,1,4.004733053112191e-17,0.1848998329446152,4.790602877862923,0.02861540913520899,0.3868678670396746
452,1,6.740639792367023e-18,0.08003213400446439,2.944077414344205,0.08619290425491266,0.2494415809499179
453,1,0.1563911042611976,0.1558203530361303,-0.2169636586714887,1,0.7045588542212468
454,1,6.740639792367023e-18,0.0791971133044791,2.688349301660647,0.1010844839473292,0.2102115214844418
455,1,4.004733053112191e-17,0.08035304662702825,1.672442717045865,0.1959316719350415,0.1068419199451439
456,0,0,0,0,1,0
457,1,9.555848176237971e-17,0.2197159240170663,-0.4817646698408566,1,0.1084013471812721
458,1,0.09286466911899967,0.1963727528330388,0.9311033461501097,0.3345763853614458,0.6506646883645931
459,1,4.004733053112191e-17,0.06358974005243616,2.748133431008419,0.09736803660132576,0.2649192762485252
460,1,0.104455065076388,0.2576136646361786,-3.609447716540487,1,0.484254857330791
461,1,9.555848176237971e-17,0.2216034051046611,6.191652153449077,0.01283543015263144,0.3475371435321884
462,1,0.684183933937885,0.6138761803951431,0.01969649696684428,0.8883880363188772,2.908936632568447
463,1,0.4871914411361082,0.5133277019997062,0.1006324924913571,0.7510719345936938,2.68666351235361
464,1,3.17603086687411e-16,0.4299578223695954,12.05547736024818,0.0005164042290994875,0.692511569605095
465,1,0.1772860082455425,0.3065075330813712,1.557134961107494,0.2120852106572683,1.256339259604927
466,1,0.1778403721842157,0.5017325817641626,-0.6592218814599988,1,1.091911754396845
467,1,0.1854142178692673,0.5787820631240054,2.4457150040746,0.1178461765855674,1.384174910555408
468,1,1.070581268190604,1.073978270781257,-1.104980209140663,1,4.864796244394897
469,1,0.2044210749378629,0.4813098431938381,4.414774231035032,0.03562899316849166,2.228676675787094
470,1,9.555848176237971e-17,0.07542515270477096,4.144594681323063,0.04176765353506351,0.6493174509735247
471,0,0,0,0,1,0
472,1,9.555848176237971e-17,0.0814225362262386,1.588598408900928,0.2075264964830146,0.1017533062872084
473,0,0,0,0,1,0
474,1,0.09738843001778666,0.2395806394408379,-2.414815442427454,1,0.4813550964639792
475,0,0,0,0,1,0
476,1,9.555848176237971e-17,0.1534203851671896,2.573033033153109,0.108699141249028,0.3232094508436672
477,1,5.114956077737342e-17,0.1236675596165994,3.833345798820076,0.05024254550405116,0.2069738128833916
478,1,3.17603086687411e-16,0.637802889579397,-5.913438244992285,1,0.1668353675161141
479,1,0.09637856382875737,0.1559198990804676,0.7501858353306474,0.386417400636501,1.228095047747674
480,1,4.004733053112191e-17,0.1469312692259262,3.684249073719201,0.05492870045413001,0.2103458154006741
481,1,5.114956077737342e-17,0.07115241816232064,2.319135573628373,0.1277910243134402,0.1982195846421961
482,1,3.17603086687411e-16,0.7340974143616892,-23.64909394403324,1,0.09598911687570572
483,1,9.555848176237971e-17,0.07526667142967756,-2.830889896094867,1,0.9903438888691518
484,1,3.17603086687411e-16,0.2250573409208055,-0.6994062175036788,1,0.1015395050134023
485,1,5.114956077737342e-17,0.1433367517483972,4.334605605636849,0.0373450669039298,0.3036166016466125
486,1,5.114956077737342e-17,0.07667022794812178,2.192536508832507,0.1386807710252916,0.1933703529902914
487,1,3.17603086687411e-16,0.2292009086846086,-0.8478320196494664,1,0.103432991618218
488,1,3.17603086687411e-16,0.3678903137735533,3.466032275344276,0.06264139696990456,0.3092065368959639
489,1,9.555848176237971e-17,0.4629316269759792,7.474009789919783,0.006259598273689715,0.4963073250116155
490,1,5.840566125974614e-16,0.6086475751884746,4.409917438067481,0.03573057039064376,0.6245240737410265
491,0,0,0,0,1,0
492,1,6.740639792367023e-18,0.262782393948237,10.19424798943717,0.001408794003101788,0.8211041133921617
493,1,4.004733053112191e-17,0.07116495737851794,3.491301497400325,0.06169206552777062,0.3545100866147719
494,1,5.114956077737342e-17,0.1474524337264418,0.8750969008055876,0.3495481248725363,0.09600603307223293
495,1,1.843763237323921e-16,0.1622776538621114,3.073521157025915,0.07957693662274101,0.1989226685491602
496,1,0.1825431881286288,0.2343961611215616,-0.3171694610114173,1,0.9152765070530686
497,1,4.004733053112191e-17,0.1491811662021703,4.77282450060838,0.02891235458854025,0.3162152613532514
498,1,0.1857815690718922,0.6809794075977809,-13.98144497034568,1,0.9099620774273179
499,0,0,0,0,1,0
500,1,5.114956077737342e-17,0.2256457474122086,9.547995139450368,0.002001679302157444,0.9186843347576744
501,1,0.3929582684364237,0.6421990618876989,-5.662863220468068,1,1.803441605541535
502,1,0.195726110311846,0.3470942011082796,1.803009048993459,0.1793491408722583,1.613010210509135
503,1,0.1514543565561257,0.1586767026707267,-0.6797276283415918,1,1.046010112321061
504,1,0.2729376444732903,0.5516591635931247,-6.378887315121339,1,1.255249387934047
505,1,6.740639792367023e-18,0.2697329261825684,9.061793786610465,0.002610057972528446,0.744223138121477
506,1,0.415997715481464,0.5594636096006855,-2.174636840679753,1,1.950807359346652
507,1,0.3051369859328373,0.3756811029091044,0.4300987080373417,0.5119405177321145,1.918768217503304
