dN/dS,LRT,p-value,Log(L)
1.956929416852996,1.06581410364015e-14,0.4999999588138879,-4.24567443253031
1.000015654237424,0,0.5,-4.149548609982528
1.079590533684644,1.77635683940025e-15,0.4999999831858402,-4.149548609982527
0.9987646954857651,5.329070518200751e-15,0.4999999708770209,-3.957979318359915
0.7013319457938066,6.217248937900877e-15,0.4999999685435873,-3.935565321989076
1.859354304500924,7.105427357601002e-15,0.4999999663716803,-4.172644959826324
1.956929416852996,1.06581410364015e-14,0.4999999588138879,-4.24567443253031
1.131749356017972,7.993605777301127e-15,0.4999999643317806,-3.935565321989074
0.7013319457938066,6.217248937900877e-15,0.4999999685435873,-3.935565321989076
0.08130796817729216,16.18345469932085,2.874704695837726e-05,-9.297158305350123
0.4030749812161069,3.02564994413612,0.04097873838079585,-28.50495265416549
1.445218807949881,0.9131372366463211,0.1696416928044804,-48.03329926105825
0.9312322910057513,0.0259348216853823,0.4360297987520509,-43.53767898637573
0.1117261255849352,10.77412934103137,0.0005146431052010514,-17.78000954700174
0.5452605105887989,1.578636173323247,0.1044786255947217,-34.63309338998486
0,15.50054332918587,4.124077110578828e-05,-12.84238819738153
0.9625670128218452,0.008709397620805248,0.4628230220640512,-46.50365039259106
2.39036266736384,5.685779800394499,0.008551468594113154,-45.63771304792082
2.215866822510364,4.164284563428893,0.02064242260105276,-48.59574732519964
0,0,1,0
0.1215509221925131,9.965575826580466,0.0007974714322154242,-12.96149511546214
0.7053378236195905,0.6474057807387936,0.2105208552149714,-30.32834974413814
0,0,1,0
0.2309001963352747,6.794392214899659,0.004572232476653504,-21.58721082290664
0,16.79914773699929,2.0775980181853e-05,-10.22421376297146
0.5758912933133753,1.280131356485356,0.1289373066341612,-43.57921299295784
0,18.11907488812443,1.037561056560499e-05,-8.759093557137184
0.3784093551729864,3.762225282393558,0.02621138393225148,-20.34952129057864
0,14.99951048980527,5.376953418695374e-05,-19.7524194152894
0.8064451511313463,0.2141240086582457,0.3217770365327589,-32.37626735799374
1.048313501163548,0.01591849789069499,0.4497992609590061,-45.26640128043969
0.2739778067235873,4.844457014383984,0.01386756151310919,-19.62183276293793
1.222148150617202,7.993605777301127e-15,0.4999999643317806,-3.884949845655929
1.34762042795938e-18,3.095626081343362,0.03925147457218364,-5.280108578189004
1.291408518879541,0.4828214756378486,0.2435735380447991,-44.77094124833018
0.9516216207580981,0.01280953242456917,0.4549442409035271,-46.34289654372655
0.2921810982641536,4.417468315851792,0.01778638907635105,-25.77151429360645
0.4097917868227999,2.099016904462026,0.07369694056120707,-25.03878742656384
0.5791314614647228,1.906848784475144,0.08365686068499834,-27.7714598737556
0,14.4235594069885,7.298237774155947e-05,-28.21821480499249
0.1722895222599825,5.555736159156133,0.009210112458467146,-19.74249069690412
0.1208373843182274,9.566684571085332,0.0009907014796187164,-19.83925953306496
0.1217810798242464,9.342986842794211,0.001119202032047573,-17.23232178024901
0.1196766342822611,9.55743051330775,0.0009957083075741169,-22.29324601482884
0,11.03791116666673,0.0004463369304879006,-25.06012980763674
0,17.83910345746689,1.201959462987512e-05,-10.91374608731548
1.04684389607798,0.0121052741231864,0.4561951822388482,-48.85586972589621
0.4134897078383427,3.080980063010038,0.03960639018097672,-27.72293200969543
0.1227043040239593,9.187092429344496,0.001218638731446287,-21.13897213025056
0,10.44645975763179,0.0006144237646465434,-20.80952916510399
0,15.80943776602913,3.502610610800483e-05,-10.86460464188161
0,14.99788718218618,5.381580722862989e-05,-28.3130521579078
0,15.80786310972672,3.505526786146129e-05,-15.19889688380868
0.7851409962303035,0.2700597604731598,0.3016458436597503,-49.92902782200972
0.1234518943312963,9.112016055924069,0.001269679230728571,-14.33656728685435
0,0,1,0
0.2099514308526967,4.542139093881602,0.01653512075945074,-19.19777868247666
0,10.89390240012546,0.000482406718397721,-14.55445874654319
0,15.80793041508728,3.505402090436815e-05,-20.0924567537355
0,10.95208051089443,0.0004674928629163078,-16.17784012879027
0.2391006232369296,6.382318896321749,0.005763136974100302,-23.59450562055562
0,14.72737679778486,6.21146328652622e-05,-26.9862973313058
0.1209220943829006,9.379853763412029,0.00109691526136807,-27.4123099098667
0.3414711299681351,2.796159261860126,0.04724520320623876,-38.99808328344867
0.3993780838358357,3.31691108240426,0.03428527584838792,-34.09607181461251
0,16.7950281480186,2.082113205209568e-05,-9.63407709463654
0.3295068039962207,3.265223741204181,0.03538168447438295,-30.75366667740121
0,17.023889628897,1.84562308245817e-05,-11.56133320164502
0,11.13147468669823,0.0004243754295752966,-29.44338233897101
0.1099173379269705,10.76255497329598,0.0005178715091401775,-20.80726930768157
0,15.0006818586494,5.373616871856557e-05,-31.43354184973727
0,0,1,0
0,14.96513180754783,5.475812410399294e-05,-21.61252117360172
0,0,1,0
0,11.37444246310987,0.0003723078615868736,-23.93106970906004
0,0,1,0
0,17.35066573651416,1.553946909466086e-05,-15.66669556851873
0.2449914383597713,6.059144135700222,0.006917235758441054,-20.12905552743219
0,0,1,0
0,14.96920141705511,5.464015068556982e-05,-18.62850596940245
0,14.29280768879548,7.8230778837729e-05,-33.28524256339998
0.1202609546556983,9.519834096778688,0.00101631478355535,-16.55021143107197
0,14.72728893465589,6.211752770807211e-05,-26.71551579012731
0,17.82413396351148,1.211452521049372e-05,-11.52228802609092
0.1742843136354298,5.508432986151441,0.009462497615926713,-25.7677869484652
0,17.3374975693612,1.564751570609646e-05,-23.23234004512141
0,15.80780919904326,3.505626668942607e-05,-13.55725450043352
0,14.78898087138084,6.011801463184918e-05,-31.93362700123715
0.2775867063979864,4.77781480951603,0.01441434044572276,-42.22913618828375
0.6479005038927199,0.9724176711420682,0.1620389790249969,-39.76287558994277
0,15.80945432164429,3.502579963693409e-05,-9.792005587337174
0,0,1,0
0,14.42514689826683,7.292088345489667e-05,-10.42584084597659
0.263223694660413,8.002859536211496,0.002335176834716901,-18.05715647218365
0.105345919490778,11.53215453852684,0.0003420134657093343,-11.99072944971497
0.1104535978905808,10.74036332809865,0.0005241187589876128,-14.89394217874201
0.2628381848042265,5.270592396822011,0.01084431531982555,-23.73485441683544
0,16.1217292567823,2.969929909807378e-05,-10.62779137624386
0,14.84770476817854,5.827490665638591e-05,-24.8079364348156
1.61305892652488,1.598955347452062,0.1030256580646376,-40.76350202537218
0.6806029011913614,0.9211917449636076,0.1685811267320994,-31.08763422554351
0.6890165471426144,0.5684679208665386,0.2254341834542133,-33.83471617359371
1.790667102724924,2.282582669981949,0.06541692280471451,-41.90052514578618
0.1480178172504165,7.375889709178669,0.003305203951535274,-9.560343054755794
0.7074992370600999,0.5844308293036278,0.2222903996272541,-35.53964136327641
0,10.97874284903457,0.000460814641376428,-17.613098776758
0.407809960192461,3.068126226988099,0.03992072505120653,-25.95186309311249
0.2839640175560648,4.468205019035565,0.01726562493315431,-35.27851621780935
0.4228866697578088,2.757948987046753,0.0483861157353071,-28.49379529376341
0.1221869552575738,9.251717510718322,0.001176373326582714,-16.35090936358027
0,17.12044370119056,1.754131738945786e-05,-8.797284141455316
0.1245416676719479,9.005917033482685,0.001345534641142676,-13.96673615852047
0,19.0374383586076,6.408938127921981e-06,-15.9714540680749
0,0,1,0
0,15.10927074843185,5.073189158155689e-05,-19.32250872864313
0,15.47486744157787,4.18048020204842e-05,-16.29041562052334
0,0,1,0
0,17.84352170791648,1.199171896104634e-05,-9.07669600954697
0,16.12151693902068,2.970262872853402e-05,-20.80139266105475
0,15.80781918856871,3.505608160675466e-05,-10.23358271212365
0,14.72737893408495,6.211456248184088e-05,-11.49766457255905
0,17.82144917516172,1.213163057295352e-05,-12.30363827082781
0,14.99931514509894,5.377510044679568e-05,-24.55854707824171
0,14.72664690787856,6.213868480575702e-05,-30.17289986260334
0,15.48770628183554,4.152180330818656e-05,-15.10002385096717
0,17.35377521283031,1.551406503969011e-05,-12.44870153321039
0,19.05932483455661,6.33585354514743e-06,-14.15519511241947
0,17.79193499229736,1.232127914352343e-05,-23.31414257601577
0,15.809454386586,3.502579843472908e-05,-9.983208817380181
0,19.0883036040845,6.240372023069707e-06,-9.716583227600175
0,17.36480929721811,1.542425423961546e-05,-10.11560501486937
0.1691582433409629,5.000769777606656,0.01266802394937699,-30.37636715031367
0,17.09317232444144,1.779501143467366e-05,-9.37418532333824
0,17.38231024803957,1.528287739094303e-05,-15.72419407963844
0,17.76120525336603,1.25219048564551e-05,-16.49544782007107
0,14.67754833643276,6.37783375525558e-05,-10.84805832343895
0,16.12181938914408,2.969788572898535e-05,-11.48739377018751
0,14.55282134198813,6.814221254464181e-05,-12.97907979266339
0,15.48112440732424,4.166664194071856e-05,-17.02774652549894
0.1206635359380474,9.470290745759577,0.001044131364065726,-18.91807031564018
0,13.07106091125341,0.0001499466131011373,-7.33299167112139
0,13.05307253388494,0.0001513936382357417,-9.333249696422799
0,14.42513376736941,7.292139188941338e-05,-13.81045204197239
0,0,1,0
0.2547354508096498,5.100522044297527,0.01195932189586446,-31.54603263792966
0,0,1,0
0,11.10401978834663,0.00043070402714529,-24.54201598535687
0.5943826618979978,1.030275902779223,0.1550469374568086,-33.9608372282289
0,16.1220004077004,2.969504737426742e-05,-10.06799282077489
0,13.55718398471426,0.0001157020076266169,-30.10044157604464
0,0,1,0
0,17.06080493501472,1.810090227821748e-05,-8.913125786422373
0,15.00078520015079,5.37332261222323e-05,-16.32405136037491
0,9.926492627390509,0.0008145833947219572,-24.16849774751413
0,14.72585514981799,6.21647860786223e-05,-23.39407898804296
0.3442389100755346,3.176228791352216,0.03735849545509951,-42.63874865217566
1.127755664077637,0.08731255405426452,0.3838109493526628,-34.73502778653377
0,15.00088091410124,5.373050086115994e-05,-8.991019233100724
0,17.39243213598532,1.520170553570566e-05,-10.13126525222038
0.1505826542653023,6.846142897984009,0.004441642568037418,-35.86399199197385
0.4133660141076577,2.863427703405975,0.04530710925251258,-35.33831244525486
0.1285326206556443,8.703660233805333,0.001587858674910292,-15.69273089807031
0,0,1,0
0.2039009650071357,8.424486555266775,0.001851005848726273,-19.47857045299494
0.2593535024862865,5.419043334110029,0.009959135360867122,-27.78411752906068
0.2690423838093498,5.115373474562688,0.01185738066634423,-26.20340440248886
0.2094189632595749,8.135173558804567,0.002170734575185573,-25.27245161396977
0,10.86556419245638,0.0004898445038949983,-19.2408425008745
0,0,1,0
0.6966250287505288,0.6666643833642922,0.207108488836628,-40.95797663932901
0,17.45198882416829,1.473279273200845e-05,-17.41657701961314
0,14.42503654776131,7.292515638940289e-05,-15.96050911179362
0,17.45936107288352,1.467576838143358e-05,-14.71277802948644
0.397928081494086,2.202684791796557,0.06888529964124379,-46.39591525854487
0.2569796331484943,5.494427561493708,0.009538586188691967,-27.05413065910538
0,0,1,0
0.8243204819853465,0.2223797761244413,0.3186163001695645,-33.99372941506631
0.7394332871015997,0.4286984524969739,0.2563141449054302,-30.43358376312123
0,19.04561145169264,6.381547537626098e-06,-16.46833199130803
1.510486683505948,1.381748185047982,0.1199017961189166,-51.96443827768116
2.683695005266121,6.859230666814113,0.00440922546008321,-59.39007693196997
2.829884195037951,7.807115391387427,0.002602045470266712,-46.34210700726546
1.756105574061435,2.131402750997992,0.07215432030177932,-49.87090081092366
1.359141943869681,0.5232398480095242,0.2347314588466753,-48.79437638210156
2.492150342860782,7.618831884738128,0.002888094522319418,-53.86592611934208
2.862749498863424,8.002865286023962,0.002335169419709571,-47.74900473062931
0.7841673737474341,0.2027163851970215,0.326268567357736,-34.93011869124577
1.055581857541159,0.01954049657086898,0.4444140135970227,-40.06646593991234
0.3362335413690526,4.80148665284635,0.01421759499051189,-23.24470679013493
0.1115555425333442,10.65854331204623,0.0005478182384759389,-12.25238362122386
0,17.10268980682087,1.770605809137127e-05,-12.27506308917185
0,0,1,0
0,14.9976350626193,5.382299759398856e-05,-12.55681981761951
0,17.85432952684516,1.192380364423151e-05,-13.27241738722986
0,19.13112955362059,6.101904810040804e-06,-8.590396818503725
0,16.12146091776452,2.970350733322302e-05,-17.59717813571899
0.2422557655105574,6.496737602461245,0.005403630938481618,-22.90805600867795
0,0,1,0
0,15.00077487630925,5.373352008103405e-05,-14.03992158006092
0,0,1,0
0,0,1,0
0,17.04273971808787,1.827392169317932e-05,-11.30579448474585
0.8445746975204962,0.1556101485295756,0.346615366960353,-31.18163592259648
0,0,1,0
0,15.00082202662153,5.373217754650605e-05,-24.7447632220893
0,14.7285049335371,6.207747603143021e-05,-10.55897599541173
0,17.36870699942711,1.539265433231352e-05,-11.07219589700694
0,17.39162508414751,1.520816171163286e-05,-10.14626409063679
0,0,1,0
0,19.12844619410092,6.11048947274373e-06,-12.35726577848747
0,16.12030952995347,2.972157081698734e-05,-12.00250677485613
0,11.19553713497328,0.0004099714953343381,-19.68025588504102
0,14.42514642132638,7.292090192217993e-05,-12.33818489834435
0,15.00085351165554,5.373128107610814e-05,-16.48380014178734
0.4929910418744263,1.726281055701705,0.09444326940777331,-32.45235899333767
0,13.77005640991444,0.0001033015579126051,-15.92164596328136
0,0,1,0
0,14.56111023751951,6.784309856877613e-05,-23.83965295114303
0,0,1,0
0,19.07808531021583,6.273873998929869e-06,-9.117271094034777
0,16.12149599157352,2.970295725301941e-05,-18.67285062643169
1.205924724437707,0.1982917871889782,0.3280516067904581,-36.94731732325082
0.258230659066502,5.649102262579987,0.008732155365235306,-17.79143141749714
0,17.37257411123365,1.536136672963817e-05,-8.002575764559769
0,16.12036326460967,2.97207275580802e-05,-7.387652397705312
0.2273402264413885,7.094045823338064,0.003867022815732091,-18.37250134293582
0,14.72848892921686,6.207800300112032e-05,-26.45478697094437
0,15.80830144924302,3.504714760682592e-05,-33.7255459637685
0.6513327764484389,0.7161452929617695,0.1987056206028285,-39.2549357239925
0.5221605057402415,1.423553353808416,0.1164097114398376,-32.27205196368648
0,17.46595956288179,1.462491718873249e-05,-11.94453418779229
0,17.10362004709631,1.769738779000551e-05,-14.66577481416897
0,13.11244402462679,0.0001466703748446707,-8.82351101748756
0.1087591354208432,10.95977634693007,0.0004655552725065237,-13.13870938476055
1,0,0.5,-4.003489664574555
1.223227504948221,1.06581410364015e-14,0.4999999588138879,-4.172644959826322
0.9992363596646521,5.329070518200751e-15,0.4999999708770209,-4.104720617240845
0,13.40573301703533,0.0001254282039740429,-27.6709652335262
0.2474677578655425,5.971431976461389,0.00726973461617425,-20.5922824327386
0.1204947288439218,9.547106958404449,0.001001324058973796,-15.0427773163306
0.4851999420033904,2.388769806420619,0.06110488304982603,-25.5667274317906
0.3275849370183791,5.125414762833429,0.01178896760237186,-26.60456181498754
0.6360234476633256,0.8934145515847831,0.1722768356254819,-43.13261582331374
0,15.50021025255749,4.124803867289195e-05,-11.56569046909268
0.1189615596953424,9.326046396789664,0.001129596352101581,-18.81299113924853
0,14.41590387224132,7.327966231807093e-05,-14.6983035122094
0.4051006940832442,2.973416274354392,0.04232146667915176,-25.49606697620461
0,19.1288937852166,6.109056687075842e-06,-8.510886321374558
0.2907540682887537,4.252289652541783,0.0195987245674008,-30.2033568493541
0.2342885743526497,6.580141719315165,0.005156134092589637,-22.71003460834825
0.8920958278375964,0.08516367437201211,0.3852090070927315,-40.45424623949034
0.4712949084550421,2.647555216208829,0.05185464165920978,-25.02724052397663
0.9148605267825335,0.03447175738026687,0.4263534584975844,-29.23656991463943
1.27193779842889,0.3926571195192849,0.2654530017234483,-34.93520946790733
0.4645955992130164,2.11263020149655,0.07304401927311688,-29.47043710802794
0.2302182618638481,6.883105446918734,0.004350712445645222,-17.58956282346673
0.2164302259228034,7.645299958114272,0.00284602152535357,-24.78115625739157
1.215127912492302,0.2074675516246032,0.3243797967592057,-32.33853039844638
0.1131437338458363,10.38896516944386,0.0006338532624094451,-16.67523949599899
1.045319248457607,0.01195568785919932,0.4564655905398536,-49.54638077609442
1.020758670643137,0.002580047927750684,0.4797447674059769,-43.82155870564086
1.38501324348133,0.6893954424665765,0.2031850446615882,-48.50741649833461
0.3786050734596446,3.704935206886638,0.02712588889854234,-21.08571942848107
0.1122338132136501,10.50369415383165,0.0005956806156046657,-15.18103672590558
0.8609738059445314,0.1055109275705775,0.3726569668759875,-42.66988701045695
0.5403901981465078,1.677844829638062,0.09760553515603093,-31.11556649855086
0.3553800845576864,4.162959579560969,0.0206585749607614,-28.29785344957165
0.3472519471451379,4.523460257144855,0.01671657377712388,-21.27186987990578
0.2668740874047902,5.202734669601618,0.01127569141220219,-25.51552004188909
0.9686668999024624,0.005458193221286933,0.4705530997505961,-32.97799312024879
0.5219208626636881,1.554394786794944,0.1062439111573176,-23.18801835112899
0.2388787989313662,6.335971111867792,0.005915665961563454,-28.98469483848242
0.6575286114493762,0.9230728438067075,0.1683347176595001,-26.70213116803141
0.9634222353548878,0.005972705377189413,0.4691990958525454,-31.93726163744787
0,17.03607083062663,1.833821216701281e-05,-11.51320124049614
0.1141353959153305,10.14202268403999,0.0007246352530788092,-17.44603608802758
0.8716597209669136,0.1108684755689353,0.369578773471773,-33.58999455757967
1.314116321649197,0.3815884825142746,0.2683771655804019,-45.91584241692233
0.2301129582119748,6.902628433297643,0.004303455933009126,-16.50430129026594
0,17.82037432138679,1.213848549763696e-05,-11.21091093100155
0.605194223738063,1.06328811761162,0.1512332189705637,-40.7292161738343
0.8587927579223446,0.1268637487047215,0.3608531176146127,-38.17890843171848
0.3154655410721585,3.767562526537063,0.02612786505082898,-23.89042477859245
0.5257471211635106,1.427908038374397,0.1160530756962238,-33.34507305669327
0.8964826802602972,0.05543263937269671,0.4069330893316814,-33.02087313185681
0.9630739330453283,0.007873608539711086,0.4646469112548286,-28.99460911773367
1.078635468314544,0.02542299702202655,0.4366587867716991,-31.4479996286705
0.3468042427027667,4.473329064907333,0.01721392529298338,-19.21156795947621
0.7710177322160727,0.3069649609721523,0.2897743028862004,-34.74585541641893
0.6866900381404655,0.5928447336271461,0.2206605907321595,-26.47076378463904
0.8215127479297836,0.1974799267521092,0.3283813561524486,-35.80438085794815
0.8153255940603884,0.1993004940540288,0.3276430302383999,-30.02896096178196
1.191221956850763,0.210358707538461,0.3232431989753201,-40.07951753327818
0.7438649796937056,0.4110586941689292,0.2607163213123582,-41.93050074015935
2.582801540570959,6.544853102096639,0.005259400644209267,-45.61551611413225
0.2318474324754356,6.758360437740642,0.004665472755219169,-19.70243686153662
0.7076507503118866,0.8195856256562166,0.1826506735251869,-31.83204069498823
0.8641897987721143,0.1097305587264827,0.3702255497914123,-42.33301849250596
0.2715166697485814,5.051696074851264,0.01230092254373383,-30.13440839904214
0.1349124651698362,7.956346808336889,0.002395951856364931,-27.32527647582847
1.912369225901672,3.098316135182003,0.03918665982999353,-43.87018010990154
1.071587180133962,0.02807067861739654,0.4334713827228548,-41.62593142617887
0.4539401855235784,2.924485519319447,0.04362251545818829,-25.31821900681931
0.4173883679900379,3.420458831593713,0.03219655684323486,-24.02962402765376
0.459015455968646,2.203054566972156,0.06886878092290882,-19.73693934279881
1.222216049399863,1.243449787580175e-14,0.4999999555139145,-4.172644959826322
1.85508371254977,8.881784197001252e-15,0.4999999624023956,-4.223260436159471
1.222687038647758,1.243449787580175e-14,0.4999999555139145,-4.22326043615947
0.5059409189666157,2.095217740660729,0.07388032971919001,-24.78225187621942
0.490839761973047,2.34123174565741,0.06299494851637538,-34.35953386870015
0.8862251644768964,0.09550981877522702,0.3786430285598101,-37.35581091051532
1.062448469682038,0.02188741856488718,0.4411934930746021,-36.47804471235918
0.2482402745820209,5.981957226369303,0.007226477264989706,-21.23751079754746
1.066438974944028,0.02387308696062007,0.4386041364499815,-46.22685650900343
1.273422093393156,0.3727365278889039,0.2707581957941196,-37.19465582727427
0.3773111264244671,3.485667793677656,0.03095119047177758,-28.36647467369683
1.23165606702658,0.2178102491888581,0.320356743910041,-43.28125241271468
0.7728091400418003,0.306544811485395,0.289904103640765,-36.77927455197483
0.4143979769638281,2.887080780150725,0.04464629215826527,-23.92191475030469
0.3629695144746812,3.967240946372307,0.02319686537806942,-28.18002446921077
0.3238195232745834,3.352301452979958,0.0335555614062184,-28.83211364664881
0.6397403217645437,0.8333179879285808,0.1806574248204213,-34.82575446356884
0.8858699961268504,0.08686622808846067,0.3840997769939732,-31.78091872482221
1.762811702627633,2.52556808966817,0.05600721676594528,-46.71386048906266
0.744810703410261,0.422502699894288,0.2578454400646305,-31.40630947717618
0.8018972888357718,0.2362889516134885,0.3134496861931317,-40.29049074378641
1.899585323175587,2.864143294766762,0.04528696218688955,-52.60997032590515
1.134198168944522,0.08541212114842267,0.3850463961297445,-33.94345891000521
1.663343070099663,1.62787726415111,0.1009984521850899,-52.36250632821467
1.29677688185402,0.4805627418513581,0.2440837641292321,-42.98567208123426
0.9010858315663195,0.06037063102751006,0.4029555496145464,-40.17730139604298
0.370306934634914,3.826126819225415,0.02522970418125686,-20.52909314198898
0.4038134208672221,3.087168232736403,0.03945601296866746,-25.81498942329096
1.293458479899056,0.4178991576187343,0.258993594771929,-44.9259163965345
1.68341916771951,2.016487759558842,0.07779934259453841,-41.29595750367137
1.342205271232336,0.4846251681548779,0.243167370572849,-41.02249487476497
1.124736678917361,0.07694326365454174,0.3907416779254413,-44.27857433154848
0.9141450299387507,0.04426112705262142,0.4166842682764916,-47.31031927342641
1.709134110856945,2.130345066852897,0.07220412196091697,-50.33512836453125
0.2775591334745952,4.810708906391731,0.01414170394266784,-25.03540675704631
2.180332455589622,4.54509411190034,0.01650660364241563,-57.51750724650059
1.089324381431212,0.04807438564546374,0.4132242586671878,-43.92450564915535
0.7700167359031442,0.3387918178363947,0.2802637195550999,-30.64232382348858
1.541995837174087,1.179053826425033,0.1387743509670413,-36.46649151305189
1.10750876670328,0.04415247552955748,0.4167850941614442,-33.25905975869211
1.211296705744584,0.2542983235925362,0.3070323130964063,-39.06607832692669
0.3049869189556811,4.074361208673629,0.02176936278016989,-22.91357627310525
0.309227908246809,3.92758985408652,0.02374998686862156,-30.95973637370221
1.069075304823082,0.02736582237689333,0.4343042728442797,-32.41959996693792
1.666592074417709,1.892724458727599,0.08444747479741344,-45.846343680527
1.260253404152807,0.3711471434903189,0.2711898198863658,-40.31330198097388
0.4862402952287728,2.354391591825788,0.06246530909127834,-24.78242278781146
1.04244663303827,0.007971675000632672,0.4644280104927018,-34.93926710600559
0.848788727295992,0.1511455600225418,0.3487215075918101,-33.87539703250936
0.3669787024761509,2.672215077035169,0.05105690690231907,-22.55148992667262
1.187174960200901,0.2276195442507287,0.3166472728527441,-34.10915995365158
0.8397939216150331,0.1884117596035395,0.3321208982688318,-48.66935810861661
1.028145822447522e-15,0.5289742832537172,0.23351920579879,-6.71893699295704
1.219166967970207,0.2296378985364669,0.3158962256744173,-44.49033691319789
2.349481607748932,4.881275634384465,0.01357477380606686,-51.35368809297973
0.5857944744350978,1.215806673507572,0.1350925833427167,-36.31538112026934
1.002829176575578,5.414821652038881e-05,0.4970643909029976,-52.61278494649751
0.4066979135283532,3.135096066132732,0.03831193619678214,-28.55433225095281
1.716783729398563,2.503298302852755,0.05680407110268176,-51.4881622828304
0.8385711360138897,0.1359228492747562,0.3561841870219734,-31.21755180586712
0.1151273785971353,10.17512058159231,0.0007117419430036631,-13.30611326635893
0.3339542555516773,4.887852998104265,0.01352315004425675,-30.03461332109765
1.328307640711839,0.4992094369729045,0.2399238474262343,-33.79024109726278
1.104074008153276,0.05662137791820498,0.4059589794889404,-51.43653036019408
0.7143089349348332,0.4426415779593782,0.2529251130779046,-44.89911690697085
0.4160796700684269,2.831230400710879,0.04622375346890123,-34.44122833255079
0.4773845229883196,2.55229990085536,0.05506691441598793,-38.83531088384723
0.6781374582430895,0.7750559008927524,0.1893287495759717,-29.8252875358625
0.3694115989224326,2.928570995494297,0.04351224504338058,-29.2114533199218
0.2677090050882559,5.171157605122893,0.01148245386016911,-22.86403812841249
0.6742029832074893,0.8247086881438435,0.1819035216489299,-35.22885755139127
0.7538682369482992,0.3992659064332429,0.2637343085255553,-34.59516479999302
2.002805481510488,2.743517521524012,0.04882480209555184,-47.06728934566998
1.62168150942114,0.215889339298073,0.3210950228105065,-9.007030514209601
0.5215233963297319,1.565427309843329,0.1054361619291031,-34.57706955086987
1.320885732920445,1.4210854715202e-14,0.4999999524423742,-4.24567443253031
0.4882898922341317,2.389627105161395,0.0610713804663206,-32.46604780172934
0.8529245758142818,0.1152850119014914,0.3671028154122864,-43.89851311021653
0.3691641406147212,3.936185576310251,0.02362890924480132,-28.55192631195428
0.6110310659873508,1.04285178116114,0.1535795747189634,-30.69823653008265
1.189369508270861,0.1583884721183466,0.3453222828143694,-44.07387414446766
0.4663165454025891,2.133646893824533,0.07204878161301465,-34.14730723692453
0.5245615750766879,1.908074777757093,0.0835886362112237,-26.86703355731462
0.6444119660911953,0.783648341553544,0.1880138323078039,-32.183090719554
0.9401663302636777,0.02082218063607399,0.4426322123759717,-35.29654116755126
1.986061314733067,2.420325886590987,0.05988500598007424,-57.50551723370431
1.165061545613985,0.114420447755478,0.3675832867754478,-47.50383094217854
0.941286135371192,0.02138079551426131,0.4418731743311061,-30.86699144347515
0.7169335580042071,0.5524056404354241,0.2286682067202402,-27.35428285061185
0.3993357636768314,3.209714839093536,0.03660112014651196,-25.39798577714893
2.028629615807577,2.640878799196585,0.05207296038657833,-53.81316592967079
0.4751005303311812,1.684133920965429,0.09718802805719207,-31.66890883800881
0.3662898819418102,3.972638922215253,0.02312262199407539,-24.40260949674067
0.4280186716787218,2.528039590467756,0.05591954360969931,-25.49820568773664
0.2808131460250575,4.691679014468463,0.01515450853446021,-22.04749883330851
1.268253498106127,0.4084988832535146,0.2613661989455536,-34.37733176739022
1.067766791906372,0.02262190636957939,0.4402222305745738,-37.17800079334066
0.2754546415587885,4.829999038143868,0.01398432311234604,-17.97345757182384
3.17603086687411e-16,10.45464444436473,0.0006117072983035099,-12.27011239881579
0.2270486001225075,6.971625434932939,0.004140612000481381,-26.01734603565233
4.004733053112191e-17,15.47616666417192,4.177607601568711e-05,-13.36875220747451
0.1388183461140117,8.52190320790395,0.001754486664477029,-14.56418700765727
0.2507151914788774,5.853940597805625,0.007771105450947169,-21.12324233162876
0.7160099040669649,0.6583291538305929,0.2085752176306147,-33.74631624694761
0.133262935737321,8.121866140254191,0.002186725866237527,-31.33046533744593
3.17603086687411e-16,13.29543328908422,0.0001330266766154664,-4.195058956197167
0.1167225258896429,9.953216200487486,0.0008028431648284262,-13.92130105228387
5.840566125974614e-16,13.94491112289715,9.412327830654599e-05,-16.00221357089926
0.4020636618429982,3.094195431092018,0.03928599197945881,-32.74104844557338
9.555848176237971e-17,14.02116535523674,9.038221077517505e-05,-14.80996749810471
0.3042604342243124,3.837172300103887,0.02506399726705549,-34.24431126514229
2.731941657024047e-16,16.77519698702309,2.103987154866704e-05,-13.89830345076146
2.287852447174094e-16,13.18307838050326,0.0001412441662972386,-32.89653036373727
0.1310729830045997,8.285173321294728,0.001998504467885465,-14.67803139466184
0.1538323647887798,6.766234512733824,0.004644931895168458,-13.60563272977316
0.2525055420690713,5.726853410760398,0.008353696450769887,-30.06547330942249
0.9196943023970214,0.04249435665882828,0.4183401546773226,-31.84934362253146
0.3409601915645407,3.369905467702715,0.03319878254229053,-28.08129930802706
3.17603086687411e-16,14.40886561735722,7.355405202286169e-05,-19.44131056629828
0.1634946850543443,6.064301627223166,0.006897064438188383,-23.40996801767778
0.1131917336073245,10.3296768761067,0.0006545406099999207,-14.19627532345215
0.5520901045631125,1.904564795960773,0.08378413097723597,-30.21162466250902
0.1093432335849065,10.96190726690051,0.0004650202048218088,-11.15562249172078
9.555848176237971e-17,10.73655729695712,0.0005251978409917535,-29.78900662252605
9.555848176237971e-17,16.04764300644371,3.088423369584925e-05,-13.29113430185192
5.840566125974614e-16,12.59957799593193,0.0001929169295797339,-20.20111035927146
5.114956077737342e-17,16.32472750480624,2.66815304215684e-05,-9.491970794738878
2.731941657024047e-16,14.13545358430697,8.505366577099549e-05,-30.21424037149742
9.555848176237971e-17,14.13589913702983,8.503352399524822e-05,-8.79497812629306
4.004733053112191e-17,16.31971088834915,2.675225601989073e-05,-13.06118197339508
3.17603086687411e-16,12.51640763977089,0.0002016968766072602,-18.01021225777584
3.17603086687411e-16,11.36661465851331,0.0003738802185440093,-18.77627306299071
9.555848176237971e-17,14.42035193754213,7.310678413224858e-05,-20.63431123881237
0.3535043665514192,4.257293509378982,0.01954107052900572,-27.80547935066323
9.555848176237971e-17,16.69307156570368,2.19705924198732e-05,-9.452910856641534
1.843763237323921e-16,22.64893327244901,9.723407808914786e-07,-4.245674432530313
3.17603086687411e-16,14.13294183162317,8.516730266683314e-05,-22.00874589391655
9.555848176237971e-17,14.13589828653032,8.503356243860782e-05,-14.0819867094964
4.004733053112191e-17,18.37941133370902,9.050162420698449e-06,-6.378784532774421
9.555848176237971e-17,16.65918053245798,2.236664095300878e-05,-13.07203263381254
0.2679855869088184,5.007480661410639,0.01261900499649282,-30.4860553589081
4.004733053112191e-17,16.43985602967581,2.510909008701656e-05,-6.305755060070435
3.17603086687411e-16,13.29543328908422,0.0001330266766154664,-4.195058956197167
0.115041049172255,10.09288704306864,0.0007442136464533289,-21.04993167904298
3.17603086687411e-16,13.8351085609658,9.978602578686324e-05,-16.02669118539517
3.17603086687411e-16,15.47617176379487,4.177596330140476e-05,-12.94609548335803
4.004733053112191e-17,18.35119805852002,9.185171596870489e-06,-7.841623836110382
0.1272996338362861,9.19169379648379,0.001215579077560369,-14.62277103472007
4.004733053112191e-17,18.33381930467842,9.26933934541907e-06,-7.315113007129201
4.004733053112191e-17,18.36415717741841,9.122908820935471e-06,-8.495429295751226
1.843763237323921e-16,22.64893327244901,9.723407808914786e-07,-4.245674432530313
9.555848176237971e-17,15.17466437044969,4.900482141256823e-05,-15.65199960490115
0.1145993304003777,10.19290742490037,0.00070490926953376,-17.09105103348244
2.731941657024047e-16,14.13588571627795,8.503413062715959e-05,-8.260345207844932
0.1100332281612231,10.93986537342745,0.000470585039130389,-14.85474879213296
9.555848176237971e-17,16.41661127156965,2.541887967988377e-05,-13.27659250885546
0.8436386231486264,0.1627942703690266,0.3432984110237464,-30.42761864178455
0.7185575914182374,0.6572342969290048,0.2087690209009754,-33.43335892720523
2.731941657024047e-16,16.38659386858613,2.582462350309012e-05,-18.60257102647654
0.2453545072796546,6.030211905093417,0.007031522433525117,-21.69020804233324
0.2270600978639058,6.946101425653346,0.004200104989628306,-25.72498330796384
0.2519392117689269,5.723390322907143,0.008370187825950892,-27.84322971621064
1.451542419372229,0.8443603865316476,0.1790763342871738,-45.84824167727169
0.2623125962374858,5.269470411655803,0.01085130710076637,-29.61807595860183
3.17603086687411e-16,16.82526130910557,2.049204861470644e-05,-9.236234992674959
1.843763237323921e-16,22.64893327244901,9.723407808914786e-07,-4.245674432530313
9.555848176237971e-17,18.36833147796156,9.102943586580814e-06,-8.856510376418763
9.555848176237971e-17,14.39766808706289,7.399272694658121e-05,-7.396480894706451
0.1110483119498509,10.34445474265468,0.0006493211081400885,-17.23957083578783
3.17603086687411e-16,13.29543328908422,0.0001330266766154664,-4.195058956197167
5.840566125974614e-16,10.46362552277568,0.0006087404945862573,-15.84030037763756
5.114956077737342e-17,14.42519375359892,7.291906922346492e-05,-15.8347374544967
5.840566125974614e-16,15.47612687073231,4.177695555968031e-05,-22.40858536803261
0.117505708598275,9.864220545148665,0.0008426202937988903,-15.34821714706971
5.114956077737342e-17,17.38537962664208,1.525821678777239e-05,-10.86867447832936
9.555848176237971e-17,14.87515367943146,5.743300674199148e-05,-8.333374680548918
9.682324783204268e-17,14.39622341463756,7.404951503270363e-05,-33.57678139655379
3.17603086687411e-16,10.54565999930396,0.0005823061399248819,-13.1041475817918
4.004733053112191e-17,17.39514383798317,1.518003289097125e-05,-15.63863952053964
9.555848176237971e-17,13.84140484718348,9.94522269753273e-05,-12.6923501463609
9.555848176237971e-17,14.87503212969672,5.743670774005505e-05,-9.406150370872291
9.555848176237971e-17,16.66429321137075,2.230643791661935e-05,-15.55215726636651
9.555848176237971e-17,15.47470669698113,4.180835748868184e-05,-17.01379316672329
3.17603086687411e-16,13.84127517830015,9.945909003822306e-05,-24.4254872089435
3.17603086687411e-16,10.09168849902198,0.000744697848722109,-28.04191212202078
4.004733053112191e-17,16.43985602967581,2.510909008701656e-05,-6.305755060070435
9.555848176237971e-17,17.35423946252812,1.551027575708019e-05,-14.44465331114357
9.555848176237971e-17,16.11931748024623,2.973714339354894e-05,-8.946904529132333
4.004733053112191e-17,17.37130536964391,1.537162467335484e-05,-10.10824341432012
3.17603086687411e-16,18.34524399579048,9.213921150164062e-06,-10.482534961055
0.2381594950972846,6.429248445049673,0.005612803440252612,-18.93502557040542
9.555848176237971e-17,16.33706754216827,2.650835631351489e-05,-11.05336283960848
0.2658725302002121,5.290686182818845,0.0107198853333193,-36.9772279644071
4.004733053112191e-17,18.37941133370902,9.050162420698449e-06,-6.378784532774421
9.555848176237971e-17,16.30842799729452,2.69120148223001e-05,-11.48971195838476
0.5058264206926096,2.078362731140508,0.07470017581803989,-30.9738584489858
0.2412724329898104,6.228983632218743,0.006283792505511754,-23.85608185270125
0.1734481811483033,5.524224046741246,0.009377459732966942,-14.9542804456007
0.3584934276041885,4.139861883806532,0.02094229334944464,-27.63163029941386
9.555848176237971e-17,16.66078767436121,2.234769888315169e-05,-13.98246378032187
0.631368265308919,0.8870445282124422,0.1731397356828198,-28.68415899576546
0.3943921692635763,3.2121674984732,0.03654629823544414,-27.30990687787945