Site,dN/dS,LRT,p-value,Total_branch_length
1,0,0,1,0
2,0,0,1,0
3,0,0,1,0
4,0,0,1,0
5,0,0,1,0
6,0,0,1,0
7,0,0,1,0
8,0,0,1,0
9,0,0,1,0
10,0.07075068139735714,-0.3444561629008618,1,1.622246668382467
11,0.2777344714218276,-1.257946449525306,1,1.156137131954973
12,1.252694289651276,0.1778559346836914,0.6732223280163667,5.167324055236898
13,0.6243714394345576,0.872886574329641,0.3501574205444776,3.693027076214434
14,0.08496619359129945,3.000636717547309,0.08323180049364554,1.431361335037923
15,0.4200955160025374,-3.053673572844929,1,1.896447160104566
16,1.843763237323921e-16,5.639067167918785,0.01756455002783575,0.7532600203830536
17,0.7379606837074699,-15.03949253596285,1,3.013769109498309
18,2.032375885477598,2.640357682778003,0.1041800863730027,9.241415568731178
19,1.879905033580493,0.8190932343695607,0.365445416271802,8.995240548236122
20,0,0,1,0
21,0.08148933757143148,-0.3896388665158348,1,2.066252703042623
22,0.5878851078450169,0.6031204806844883,0.437389892160496,2.429028341244034
23,0,0,1,0
24,0.1619843711799954,1.178379514479609,0.2776861413001442,1.304995177763721
25,4.004733053112191e-17,3.50305439460335,0.06125575596534583,0.3318546490149704
26,0.4223998940319783,-20.82244701950707,1,1.707867073648428
27,9.555848176237971e-17,4.290396307278057,0.03832823045649281,0.9714606602491782
28,0.2804768719028115,0.8035746042083858,0.3700267660545403,1.167978551867744
29,9.555848176237971e-17,4.602985203036901,0.03191633588908316,0.314016102009522
30,0.5505882310927094,-0.3520798038177162,1,2.578883121519176
31,0.9579926613786955,-0.5209629680438894,1,4.410686067918276
32,0.1746747032058401,-2.466138491167946,1,1.978174407945225
33,0,0,1,0
34,4.004733053112191e-17,0.7054844224560863,0.4009469624177302,0.2644496687658238
35,0.9211144711054778,-3.740182152695553,1,4.026898286897013
36,0.6575002957538963,1.455357600851528,0.2276702219375353,3.964732625614187
37,0.2189029609174186,4.906280205176714,0.02675920918568164,2.255153600474392
38,0.3642276311374852,-0.1564953072993589,1,2.08123482356091
39,0.5106351386962784,0.2060100448927784,0.6499128281051569,2.470023576081723
40,9.555848176237971e-17,10.09619239079979,0.001485759927141506,0.6319767984174436
41,0.1506004522426806,-0.1955868460753081,1,1.276043984395071
42,0.09170482922692111,1.030013433838356,0.3101555125255605,0.6630937132714595
43,0.09319731274873931,0.4026191173703317,0.5257397261845681,0.7320470351168746
44,0.09261667421325007,-3.611389934659449,1,0.5358150631990675
45,9.555848176237971e-17,4.965450055413541,0.02585858500028004,0.5132781649419882
46,4.004733053112191e-17,7.239480900573671,0.007131759612858724,0.5499525751194724
47,0.7620626371090191,-14.47983405855921,1,3.080347536991381
48,0.3368310813018484,-0.04497841361980193,1,2.640393147186525
49,0.09571737689893672,0.474417204060309,0.4909620361211349,0.9136358538210299
50,5.840566125974614e-16,-3.232062219771954,1,0.1948372590527818
51,4.004733053112191e-17,2.633975343306442,0.1045995247470071,0.5618776963198353
52,9.555848176237971e-17,-15.87463467689383,1,0.09280494064322249
53,9.555848176237971e-17,5.402932205397711,0.02010295010708707,0.6830202551108859
54,0.4915646258076923,-23.9196100353396,1,2.06367196645955
55,0.1051049988512201,-6.299134521031398,1,1.769479163290234
56,0,0,1,0
57,0.2601055599112989,-1.247324927013764,1,1.09543770494593
58,3.17603086687411e-16,2.621131851713287,0.1054492000677166,0.321816969966684
59,3.17603086687411e-16,1.912317600814795,0.166706042998352,0.2009433649377202
60,3.17603086687411e-16,2.707572644459347,0.09987285409986302,0.3838541079622161
61,0.2110273161710395,-5.112676846220104,1,1.006419675761542
62,9.555848176237971e-17,11.08970094649752,0.0008680848240870676,0.6302832875737112
63,0.09379181434868339,3.940719935583132,0.04713060323772511,0.9502398003417312
64,0.2286311174780957,-0.1568000897546398,1,1.493940525550276
65,0.2710284848602018,3.576647558536735,0.05859729438561356,1.985932068732482
66,5.114956077737342e-17,4.055660243863553,0.04402350033701641,0.9263743146958648
67,0.3081161597130433,-11.56426342516967,1,1.271876194148701
68,5.114956077737342e-17,7.170797815679471,0.007409981333287519,0.6658684993462632
69,5.840566125974614e-16,-6.10516142346917,1,0.204692835202943
70,0.08550881568324596,5.275967634663139,0.02162176710630381,1.113128120927047
71,9.555848176237971e-17,2.294614348982705,0.1298234527988278,0.4096451321926939
72,0,0,1,0
73,9.555848176237971e-17,13.85548709926769,0.0001974194388641992,0.9249222081626545
74,0,0,1,0
75,5.840566125974614e-16,4.179801756721339,0.04090848562022309,0.4327456958991586
76,0,0,1,0
77,9.555848176237971e-17,8.32892992661857,0.003901863487695278,0.5317135246617343
78,0.1904872262272256,0.09673059773424342,0.7557888914924766,1.141787677276646
79,0,0,1,0
80,3.17603086687411e-16,3.505553311975575,0.06116341142540382,0.2898422866933634
81,3.17603086687411e-16,2.162728215588956,0.1413934493044507,0.4238896656179303
82,0.09215284916480553,1.775441162270276,0.1827101234234814,1.286764938980905
83,1.028145822447522e-15,3.536021515314303,0.0600493340920607,0.2747330021065478
84,9.555848176237971e-17,6.743490379120669,0.009409035906919772,0.4746838243075485
85,0.1507486290578084,-1.833776042819288,1,0.7639151162542375
86,9.555848176237971e-17,4.876510435130569,0.0272246048328475,0.4095934443796388
87,9.555848176237971e-17,5.290936739633882,0.0214366862713431,0.7313046806391503
88,3.17603086687411e-16,-6.743819057265867,1,0.1825247766744372
89,0.173810421348218,3.157748911683001,0.0755673180271822,1.422293149019884
90,0.5004278389098673,0.5487667235729532,0.4588220485191933,2.922872090982007
91,2.731941657024047e-16,0.9057612812652778,0.341241582662288,1.194858317874106
92,0,0,1,0
93,4.004733053112191e-17,1.522521444161619,0.2172383220660777,0.09179856094228321
94,0.2353252951190312,0.07873563378763748,0.7790182086841291,0.9890202244948292
95,0.08094659130204075,0.9430049333601112,0.3315062460395217,0.6208496406687094
96,0.09077134126112972,0.1989925048858723,0.655535298957044,0.5348734901575586
97,0.2370078701172394,-1.702451599265075,1,1.102985752938038
98,4.004733053112191e-17,5.34062987013062,0.02083394397233751,0.4541222084508586
99,9.555848176237971e-17,0.5541692752874212,0.4566191169872107,0.2375911948547055
100,1.382858124102976,2.707030064884549,0.09990683400715505,5.849739443256846
101,0.6003823537919297,-0.42679707774235,1,3.681262624034491
102,0.5351657890829755,-0.2014197672075539,1,2.815879608342037
103,1.21758795233678,0.03574430499648429,0.8500445034425856,5.585702713029166
104,0.1169988709625394,-0.5821515769478154,1,1.978572989894333
105,0.5457803473077146,-3.196854072973863,1,2.23689865075053
106,5.840566125974614e-16,3.85721479623119,0.04953248938338817,0.7519489790763036
107,0.2504901706687195,-1.645693061393708,1,1.25524883275226
108,0.1839381123538658,1.262460911662103,0.2611857871966236,1.245098297818047
109,0.2926776759094912,0.848361531722098,0.3570162661134523,1.782687836692775
110,0.1040407717383178,-3.283493593143032,1,1.12729123936307
111,5.114956077737342e-17,1.895358064588123,0.168598820973746,0.1001166226430739
112,0.1048475453728207,0.1579475391098839,0.6910532403071247,0.4918726785070859
113,3.17603086687411e-16,-6.945258140468646,1,0.1007232616852262
114,0,0,1,0
115,9.555848176237971e-17,7.175786310963822,0.007389405380941905,0.5319037194124878
116,9.555848176237971e-17,6.445104785829237,0.01112584795657956,0.4627091536080413
117,0,0,1,0
118,4.004733053112191e-17,3.631852982775317,0.05668367321349044,0.2964980543760055
119,5.840566125974614e-16,-9.03278736631983,1,0.09071543406096823
120,4.42106668734662e-17,2.130721582624677,0.1443727781315717,0.6285257432438619
121,4.004733053112191e-17,0.976042541826498,0.3231777957913216,0.08954278251745905
122,4.004733053112191e-17,3.62661929456063,0.05686221172327144,0.1708677452826308
123,2.731941657024047e-16,-3.605162301357915,1,0.1645104383793628
124,2.731941657024047e-16,9.64283097645314,0.001900920329412248,0.5720002347407189
125,3.17603086687411e-16,5.60311774997199,0.01792854495214735,0.7366798217344093
126,9.555848176237971e-17,2.805361954440254,0.09394963920214539,0.1922405094150735
127,9.555848176237971e-17,4.005051771011544,0.04536410394069834,0.2859660265589207
128,3.17603086687411e-16,8.826078202853857,0.002969558843851972,0.4306146251053996
129,9.555848176237971e-17,2.618217244849131,0.1056430704037363,0.5045466881808754
130,4.004733053112191e-17,0.4661866146883185,0.494746755068142,0.09181063037367188
131,4.004733053112191e-17,3.435588584195191,0.0638058461448201,0.2081559944995542
132,0.4213162683436621,-14.33339280906591,1,1.80532655542119
133,3.17603086687411e-16,7.831765364799477,0.00513359365945687,1.125872297556222
134,3.17603086687411e-16,2.564186546558034,0.1093087709037107,0.1822074055455771
135,2.731941657024047e-16,4.375912399581715,0.03645031100818508,0.2836455364274793
136,4.004733053112191e-17,2.886443445600975,0.0893279204970725,0.4705839350872358
137,9.555848176237971e-17,-0.2958766448799537,1,0.08486135224366939
138,5.114956077737342e-17,4.199038888061672,0.04044689698905735,0.2375911948547054
139,3.17603086687411e-16,4.079335790953408,0.04341072019265713,0.2630601927482216
140,0.09324430613762327,0.4777469543599722,0.4894446300048391,0.6029764084636114
141,6.740639792367023e-18,2.755662846610431,0.09691064454860632,0.2904724006394505
142,3.17603086687411e-16,0.7824772070046464,0.3763845910396624,0.1165432428578196
143,4.004733053112191e-17,3.750445930074953,0.05279342508641016,0.2371980917306121
144,0,0,1,0
145,0.1873466643454619,-8.053797400005863,1,0.89783547090824
146,0,0,1,0
147,9.555848176237971e-17,6.309417580140632,0.01200982857311361,0.7215545172804506
148,0.3961297600858364,-0.2101957292975527,1,2.020868422016441
149,4.42106668734662e-17,1.664161857155598,0.1970423339204412,0.6237052238833024
150,5.840566125974614e-16,-16.85157111409123,1,0.09532152035722993
151,0,0,1,0
152,2.616954272330746e-17,3.831834724616236,0.05028785750891895,0.7418110702168313
153,5.840566125974614e-16,-0.7183185722831738,1,0.09670494057960655
154,4.730343101349462e-16,2.57959686202458,0.1082492281987285,0.2789248591589495
155,9.555848176237971e-17,8.264345377452031,0.004043123715467667,0.462648266573645
156,0.3082634994029746,-8.25793622068899,1,1.64087504754809
157,0.7493889225809127,-0.3292643459338933,1,4.176643620489891
158,9.555848176237971e-17,1.53517080738262,0.2153380546463521,0.9711587276202912
159,4.004733053112191e-17,1.4591111524722,0.2270715986996141,0.08761328562719364
160,0.1406188246222839,-26.77103984628309,1,0.63403117552196
161,0.2518940837009688,4.604238952357704,0.03189300615620183,2.138404241394232
162,0.08194978407322231,0.1024404828913568,0.7489203850110451,1.054707421929698
163,0,0,1,0
164,0.1922332593383105,-1.513350931617985,1,0.9048428673261758
165,0.2221849066568812,-1.652992667522653,1,1.216483763351604
166,0.2019473304993201,1.748027845635718,0.1861248519021299,1.44844657685589
167,0.1909193648760701,0.6688650294986545,0.4134475894761759,1.240907377315775
168,9.555848176237971e-17,5.278735345634374,0.02158742234308064,0.6877434378066549
169,0,0,1,0
170,0.5840320391662304,-4.331360018920591,1,2.636900323450822
171,3.17603086687411e-16,11.46030867424292,0.0007109848933815055,1.015312757865512
172,9.555848176237971e-17,6.551656623226044,0.01047865496045131,0.4029097056542462
173,9.555848176237971e-17,6.035100677711924,0.01402415100257814,0.3779053199573472
174,0.4286787950416772,-16.69303105323667,1,1.922184339185171
175,0.152780679657764,6.084506155734729,0.01363724817834644,1.998222978079246
176,0,0,1,0
177,0.6211151232933579,0.7291352002049081,0.3931636474978353,2.890425141303307
178,0.5059791342473038,-0.005186465179157551,1,2.60636184287743
179,9.555848176237971e-17,9.966702806050435,0.001593966879875675,0.6487465892635089
180,1.454888841115434,1.195959995787618,0.2741306427335702,6.107558217663024
181,1.806007253559847,-0.4934357832285059,1,8.62234099085377
182,2.146832704466314,0.1895304439840686,0.6633077125435367,10.69390535402122
183,1.232475791365189,-0.935300592218482,1,7.264805590074644
184,1.038361651681347,0.1073177543487276,0.7432187451208233,5.570545362012253
185,1.832006046889881,-0.07610936322956263,1,8.610072138837074
186,1.854985237314952,-0.4163532952574798,1,9.496802782443963
187,0.4474910565137477,-0.1745660642685465,1,3.692286864593869
188,0.7988171986023695,0.04213669927662522,0.8373594186495712,3.91455515789255
189,0.2413363366888961,0.6676874545676199,0.41385902930583,1.970968917890043
190,0.08511699047987055,-0.9226918899805021,1,0.7154176690310828
191,5.114956077737342e-17,0.02191985485085723,0.8823005039373489,0.09607566025374685
192,0,0,1,0
193,2.731941657024047e-16,3.475805690506679,0.06227239007339191,0.2371762252705721
194,5.114956077737342e-17,2.745653946059555,0.09751917342469063,0.1454343403486268
195,4.004733053112191e-17,2.591388679086933,0.1074460943848354,0.1836489584113256
196,9.555848176237971e-17,-4.414068754863202,1,0.1043137453453813
197,0.1874123435471616,1.131454289795784,0.2874653488020554,1.216371574430833
198,0,0,1,0
199,9.555848176237971e-17,6.683702595482213,0.009729831218960983,0.4567838485271956
200,0,0,1,0
201,0,0,1,0
202,4.004733053112191e-17,4.470145374823378,0.03449205684802281,0.2698514365705444
203,0.831127410096034,0.5366208673811954,0.463836532372237,3.377133266815235
204,0,0,1,0
205,9.555848176237971e-17,13.61304143780016,0.0002246196963976432,0.8584873929659933
206,6.740639792367023e-18,2.611439665744051,0.1060954059660858,0.7088958839799603
207,4.004733053112191e-17,0.3302775262304749,0.5654957162946743,0.08462825020598046
208,4.004733053112191e-17,2.680356229614731,0.1015930001872553,0.1975659676305962
209,0,0,1,0
210,9.555848176237971e-17,0.7062651688792307,0.4006864805517193,0.0987109082400181
211,9.555848176237971e-17,2.365068611797909,0.1240784578696219,0.2117502920284586
212,9.555848176237971e-17,3.400348123969096,0.06518266108242499,0.3532900936754048
213,9.555848176237971e-17,5.081520701042002,0.02418215138141167,0.4206611806335858
214,3.17603086687411e-16,2.702350155941609,0.1002004454182208,0.1837031406202509
215,0.4551787880407039,-4.75067439923648,1,2.017327896705727
216,4.004733053112191e-17,7.927914235538811,0.004867787803959467,0.8810375548252323
217,0,0,1,0
218,3.17603086687411e-16,5.757931877140116,0.01641438132923367,0.4372102674316833
219,0,0,1,0
220,9.555848176237971e-17,5.556534813268151,0.01841182291267951,0.440611862108211
221,2.731941657024047e-16,-2.131484903393094,1,0.2073375829668521
222,0.8039068676707477,0.06573732331159476,0.7976474634396982,3.706724494290145
223,0.1965181277778342,-0.6763871992962578,1,1.752644718235327
224,5.114956077737342e-17,3.026052103663693,0.08193716117077665,0.3015017262925502
225,1.18952466924124e-18,1.345093839518665,0.2461376531683733,0.09590337449053317
226,0.170707058808094,-1.1477398936496,1,0.7667901536821427
227,4.730343101349462e-16,1.526116690590911,0.2166961972108056,0.2923587332708506
228,5.840566125974614e-16,8.977046386660504,0.002733922185612858,0.6499386137974505
229,0.4171756212174529,0.3153238567312115,0.5744314814520355,2.560544750234184
230,0.3690030436548273,0.2592550659415878,0.6106323969115988,2.080732349676357
231,9.555848176237971e-17,8.865211144039904,0.00290656628715269,0.6556919227735037
232,2.731941657024047e-16,5.558286226992642,0.01839341153724794,0.2960054382841291
233,4.004733053112191e-17,2.703266837123408,0.1001428598913983,0.2602310676893569
234,0.08406833879679694,-0.03986101799397446,1,0.4402198663858538
235,0,0,1,0
236,0,0,1,0
237,0,0,1,0
238,1.028145822447522e-15,-5.764434490880902,1,0.09732860062112562
239,0.1799248254177769,0.3723439629123533,0.5417293716512919,1.14614375743978
240,0.1035707512535387,0.4340853645512119,0.509991100861692,0.6982180430596091
241,0.3969148358234443,-0.5337811643978299,1,1.723523756610891
242,0.2518953425671339,0.2621407612754965,0.6086532231618522,1.489464123643667
243,0.3926740095852193,-1.706924195794343,1,2.170617709495132
244,9.555848176237971e-17,5.237998008634744,0.02209869036470402,1.090567697441862
245,0.103772473021466,-0.592624616429255,1,0.5862197395440695
246,9.555848176237971e-17,5.112724724658882,0.02375099121879565,0.3229036622195697
247,0.3088924510546263,-0.05329671918507017,1,1.436097053720365
248,4.004733053112191e-17,3.538712436513352,0.0599519828341829,0.3973033797060357
249,0.235544654155031,-8.884668195349676,1,1.005278847777579
250,0.1670760368318734,1.794337491368744,0.1803985748848417,1.224891626540808
251,0.7434621446525344,-3.516583489357217,1,3.2638873683188
252,0.3600925073748262,0.09508725919521765,0.7578067256945245,2.510929386377502
253,0.8039068676707477,1.829295961277332,0.1762107257276003,3.603453040077837
254,0.8804750344219181,0.504795489366316,0.4774005702642674,3.909748934647983
255,0.3211198144367947,1.83493372215932,0.1755459087256196,2.260267082249487
256,0.1666327902478796,0.4569191152050109,0.4990673596674852,1.364352854838239
257,0.1694912961626736,-1.825018273406272,1,0.9314737570673802
258,0.8017231793094616,1.704056258955831,0.1917583601994866,3.612390971353876
259,0.08670934998362965,1.503564632589622,0.2201236986441595,1.079704623676419
260,0.8757244619381804,-11.02892935959417,1,3.551393559185658
261,0.6126727032142051,1.15850547758285,0.2817757070345445,3.746677214256677
262,0.899555857931154,-0.5481558077166113,1,4.517714011556616
263,0.283219009056026,1.175371346558968,0.2783003158833164,2.473588310172039
264,0.0839444968589814,3.024176130623633,0.08203197476821078,0.8439537119964353
265,0.6051604805903148,-8.322688548984104,1,2.650105417158873
266,0.3266032457776256,0.08371576644838541,0.7723236766929172,2.400212533312394
267,0.2784720536519777,-0.513850153181302,1,1.578167568114544
268,0.2522098236870939,0.4338788334435222,0.5100917758576458,1.717070016834417
269,0.2022198384754211,-0.6361661565661407,1,1.170259030238852
270,0.6475249155965265,-0.2996765187701271,1,3.082826537726611
271,0.4230851210671381,0.5480272469143301,0.4591248821827596,2.50931612038751
272,0.1693987201644607,3.977856520123552,0.04610219502699342,1.40325337572591
273,0.5043414365246669,-0.8301902445405034,1,2.658357909796163
274,0.8400711127349841,0.3461022613301026,0.5563278820016295,3.717902062347747
275,4.004733053112191e-17,4.671779911030733,0.03066213403492324,0.8778600379631872
276,0.07650949785821146,0.219548507131833,0.639384148821295,0.4536368567724359
277,0.7131958764599877,-1.961423957631254,1,2.894963859817276
278,0.8873773704957141,-0.0270064400622374,1,4.347174196346197
279,0.1710274896552807,-3.273713531732831,1,1.796150414022912
280,9.555848176237971e-17,4.493496845077516,0.03402401370802,0.2420724584474296
281,0.3811942963615992,-16.88754991903893,1,1.638576292953025
282,0.5405410090997572,-0.7364544148092875,1,3.186232850677435
283,0.1902146613546236,0.5309530390894821,0.4662064575182329,1.423459571304585
284,0.3196382943838889,-3.44584623496317,1,1.578363970350082
285,0.633939929701698,-0.08225255738159376,1,3.192803915279352
286,0.7484011155230754,0.01539520913724601,0.9012539667082614,3.7444125229523
287,0.9592332720840727,-0.04970594321121524,1,4.650831093238156
288,0.2712802888126115,-2.022752703552619,1,2.278058684274459
289,0.5212312170272441,0.3997022695799473,0.527243057333714,2.309896382996615
290,0.4802637011886584,-0.3205359828027028,1,2.409256809380187
291,0.6642542897755754,-1.455206241766987,1,2.97863962260501
292,0.6120397052938062,-1.169600581007913,1,3.295707213172574
293,0.889011707445215,0.5829240789803833,0.4451684524299029,4.007534805916194
294,0.50133771536279,0.80003456149187,0.3710830364576276,2.983488896413248
295,1.931779860703221,-0.2965858823086336,1,8.281765508806215
296,0.1680401579405841,-0.05791615580473319,1,3.0881656554829
297,0.6507896051922653,0.5841271427091286,0.444699144547603,2.786698091040541
298,0.6566247584305434,-0.0218813916141869,1,3.324327677910183
299,0.215205591712364,3.539658574088243,0.05991779368191308,1.711524177786353
300,0.093540284248849,5.619488586234546,0.01776183104768825,1.217947612873553
301,1.337740410507107,3.906887138055993,0.04808859122453424,5.635466061960389
302,0.8219345845448461,0.003397721543336729,0.9535176502887451,4.342054376807638
303,0.4242915205674669,0.8054269753553598,0.369475730229104,2.896755654902899
304,0.2793962112097539,1.227770983950478,0.2678409670178364,1.783663009622537
305,0.3394780415936997,-1.242395950579919,1,1.838211789715441
306,0,0,1,0
307,0,0,1,0
308,0,0,1,0
309,0.3696495352193943,0.4351070947095934,0.5094935562462335,1.705932607740072
310,0.3542705066797845,-1.607005624649446,1,1.780977513255764
311,0.6405281258954741,-0.3069125237723114,1,3.193466045095285
312,0.6417102831822098,-0.6961880847753577,1,3.391258190641707
313,0.1762662278252729,1.830878155962743,0.1760238573605329,1.37656492523917
314,0.8757244619381804,-6.073865680417484,1,3.774937580532089
315,0.8675601918917514,-1.658733198074628,1,4.763371716244175
316,0.28051747937003,-0.1243031173565328,1,1.948654635180851
317,1.077996829843112,-3.072532322075872,1,4.568154421751228
318,0.5888238361276323,0.7625324813158727,0.3825371493468211,3.716733843026418
319,0.2980220171579067,1.505152077552012,0.2198803293026446,2.109077117803453
320,0.3424651919313073,-0.4037300727380355,1,1.89147178785364
321,0.2221708531256994,2.167813393323073,0.1409264913140735,1.66741746964706
322,0.5515130757819964,-0.1966683856646796,1,2.728626632214714
323,0.7081418733837453,-0.0534094588987557,1,3.487503884723255
324,1.490438464335805,0.6668970026605621,0.4141355494966109,6.662942244700425
325,0.604194526854486,-1.143527525984254,1,4.06273592517409
326,0.6141172697772741,-0.0971372004161708,1,3.163316488914619
327,1.662921240203558,-0.748396775827203,1,7.285577257196433
328,0.8282583257202502,-1.413692796838291,1,5.167624103098242
329,1.177770063705465,0.2600487603323813,0.6100866578139287,5.496579783270414
330,1.034968237675717,-0.8100762182611021,1,5.358917891963416
331,0.5813401858074718,0.08411389154333904,0.7717979152764446,3.241776509812726
332,0.2728162332744131,-1.578619817192902,1,1.891944875461482
333,0.2480288678548595,-0.4000191699519178,1,1.252037016616957
334,0.9617463578667134,-2.167664974424099,1,4.093795498157376
335,1.051933430777834,0.1729438998378328,0.6775086145824716,5.238993283842008
336,0.8467567296497973,-0.1012282760768954,1,4.508674098871662
337,0.6888337931347168,-0.5507965361413483,1,3.739927217182699
338,0.8165844333122133,0.4026308360108573,0.5257337018644817,4.584981428754744
339,1.281450207669645,0.0242621757842727,0.8762196753465186,6.470593121808852
340,0.1760450910606345,3.554177349026205,0.0593957429167965,2.146761235879687
341,2.127716203989202,2.886625219146168,0.0893178407551275,8.608649351317089
342,0.8272922423401091,1.349581626056235,0.2453512708741721,5.405343668422814
343,0.5916391739128447,-1.417773047382973,1,3.640213172092534
344,1.07101495863304,1.083430540732138,0.2979313863615078,4.755828946885837
345,0.8453694183104885,-0.001790452262021347,1,4.474648329060794
346,0.8060931748324103,-0.2269619873067654,1,4.236374099588418
347,0.2277199028188858,1.861630957221124,0.1724366824532865,1.83931151369919
348,0.2663082385836807,-1.76746509903117,1,1.528750047251321
349,0.798511745054485,-0.2027204304625911,1,3.995453665497527
350,1.61868493696824,0.5315646061373371,0.4659498084431476,7.348040928592048
351,0.8865089452867179,-0.7023009192699448,1,5.288672880223396
352,0.3353641069822424,0.9430966871008621,0.331482723434431,2.468977558822381
353,0.8659413754340212,-0.9462604897226612,1,3.887706791886664
354,0.5523428528107005,0.1797346860923597,0.6716013463309581,3.280321219470439
355,0.3019541035748904,-0.1379665498582909,1,1.966510369371142
356,0.904658260706339,0.2664360025833048,0.6057326142618327,3.959540711887503
357,0.6609681725084141,-0.2917944963606374,1,3.662631320863861
358,4.936130869128893e-15,0.2137436287510273,0.6438488766932493,1.471394950493443
359,0.880437757603327,-3.050065358420525,1,6.942541798432804
360,1.316061725538725,0.09556275784130719,0.7572209157745184,6.335920045279452
361,0.4157797778571458,2.246688741132303,0.1339006556636704,3.237615488145139
362,0.6974226779118696,-1.821604093985073,1,3.529280388612002
363,0.2856877050158073,3.735389437059261,0.05327124726039756,2.422091657584896
364,1.611648963072223,-0.1143603517565737,1,6.89456928353529
365,0.6466304388271692,-4.158557849123056,1,4.407183501595052
366,0.08264619699426676,-2.156755126788656,1,1.112335030926764
367,0.259447387573456,-15.56061950089207,1,1.085477868768789
368,1.010227032866431,0.7918235794974038,0.3735492841740351,4.640753549818924
369,0.7777396400201757,-1.373980462427852,1,4.125455343620681
370,0.6273256414437858,1.880766101632943,0.170247100905756,4.098635714064171
371,0.2698703963006094,1.63851456692575,0.2005293974034493,2.548245273322153
372,0.355784332244247,-2.297319213496507,1,1.952636933775576
373,0.4404584719288747,0.469109725683289,0.4933970217240212,2.72882967307185
374,0.2867217575567969,0.7256396615860012,0.3943002055449257,1.785360938349592
375,0.2088539899311247,0.9872837520058013,0.3204071566691747,1.608114294199474
376,0.671867033018884,-2.791155674242887,1,2.983363550679092
377,0.5669045469160119,0.4032582789033938,0.5254113253707569,3.266487335357224
378,1.273704935730013,-1.395756259869543,1,5.78081556134199
379,1.284246941210477,-0.08121427672319115,1,6.621735859554819
380,0.3246328011837123,-3.608543562098205,1,3.444004911560278
381,0,0,1,0
382,0.3451516862856946,0.1554578326722833,0.6933732844272922,1.926968269665059
383,0.695216669327673,-3.556897521000039,1,3.358824627008606
384,0.2631702336014272,5.907611781355136,0.01507559645374423,2.366539081870887
385,0.4245719152182013,0.5186817667844679,0.4714045450914339,2.464019633405677
386,0.8223638578334553,-0.09911093271834659,1,3.891302411324665
387,0.3220900285994787,2.390306658539203,0.1220896770120978,2.305671263343439
388,0.3729365744784554,0.8161491616593679,0.3663084716234737,2.213193346403341
389,0.4317752038678563,0.2164589911469506,0.6417513370012523,2.387015375932914
390,0.6095774855904558,-0.281897545019433,1,3.064731238427308
391,1.273704935730013,-6.76172959139366,1,5.767165127488608
392,0.6583159768865734,3.50141441702813,0.06131644005677439,4.882085116682808
393,0.6541505759641396,-1.978611503985917,1,3.944973425240359
394,0.435908049006645,-0.2905756174912568,1,2.426538413052127
395,0.2990040467512742,0.2898675855684587,0.5903053970729899,1.694970155352161
396,1.926241195460838,-9.583750924621484,1,7.93867304744431
397,0.2696891813943928,0.9938278508126146,0.3188086105930875,3.55077330287065
398,0.2475548053013497,1.403051582153402,0.2362133039227281,1.651335846329602
399,0.2711864294616737,0.2879771890313734,0.591519720549581,1.544322292202776
400,0.2125588632339041,0.532465640756115,0.465572093649897,1.279941091144578
401,0.9773874140005737,1.906072053236286,0.1674002349590494,4.217906735933756
402,0.762819653172257,-0.01939762117382315,1,4.001072293592258
403,0.1637361524200147,-4.10046657083786,1,1.64785515767619
404,9.555848176237971e-17,1.281160688687915,0.2576833364479855,0.1694220974862521
405,0.1628502969833278,-4.003647932390336,1,0.7235730200730968
406,9.555848176237971e-17,5.245052910220732,0.02200925902851181,0.3892666715391307
407,0.1309263116465162,0.1760523605473381,0.6747879617757607,0.8828734277627217
408,0.1919119190240234,-2.825032184265915,1,0.9547848950047414
409,0.6706060776127039,0.00836557868621668,0.9271242776509566,3.104103384960228
410,0.0916600056418099,7.212597700632344,0.007239364187059949,1.220611051516246
411,0,0,1,0
412,0.0883047155841596,3.131542784871641,0.07679103754978445,1.067642104694499
413,2.731941657024047e-16,4.197922494218474,0.04047353445634783,0.3017851113580544
414,0.3503360998094701,-10.08989151971917,1,1.60650314624844
415,4.004733053112191e-17,8.852946099028614,0.002926162011170907,1.075269078278917
416,0.2438176540205301,-4.736236135105358,1,1.201346384818227
417,9.555848176237971e-17,9.502788097723766,0.002051599203407029,0.7239188262419088
418,1.028145822447522e-15,-3.740352310893726,1,0.3552618385954575
419,0.08288514850549593,-0.1750418659363966,1,1.404179621251509
420,0.1162864908707335,0.1620352162460676,0.6872896134700701,0.6771566185245294
421,0.2256380775314339,-7.170182823973612,1,1.110210184310849
422,0.721489371578837,-0.0414644085275313,1,3.764372345701859
423,0.2704744376016253,2.217729565730352,0.1364335684324093,1.965879880622464
424,9.555848176237971e-17,10.657951267157,0.001095987239176366,0.7659928990454296
425,0.1454332860415475,-1.107754067223127,1,0.8935896442036871
426,0.08735302018302868,1.467008555748933,0.2258182699923458,0.9575440739525144
427,0.5582727535125913,-0.2952400899537579,1,2.339766208279717
428,0.08381486414643302,-1.594708424561478,1,1.02866603117932
429,3.17603086687411e-16,-11.59135771460865,1,0.09726751919157989
430,9.555848176237971e-17,9.475779363227506,0.002082024155995787,0.7001436465293174
431,9.555848176237971e-17,4.862760769445188,0.02744238952567868,0.3252040141574435
432,4.004733053112191e-17,4.244761012127707,0.0393716107244817,0.2661893703680475
433,9.555848176237971e-17,-4.274719953208006,1,0.1996890900003178
434,9.555848176237971e-17,2.451394085407827,0.1174205421693234,0.6988644378683733
435,9.555848176237971e-17,-1.537755371970626,1,0.08650932024453631
436,9.555848176237971e-17,1.802360062158954,0.1794274366084002,0.2903858464146761
437,3.17603086687411e-16,5.71768761379235,0.01679483516691904,0.6021418617294411
438,3.17603086687411e-16,12.03703810563817,0.0005215377761443873,0.7208215222588191
439,0.3207846748729127,-1.08189097029333,1,1.701192479633567
440,6.740639792367023e-18,3.314934833880205,0.06865304257364557,0.7373177442489809
441,0,0,1,0
442,3.17603086687411e-16,-7.043091000462645,1,0.1010879526870688
443,4.004733053112191e-17,5.522187266262193,0.01877676737303058,0.474446721564605
444,0,0,1,0
445,9.555848176237971e-17,2.028977132887782,0.1543244410525431,0.1769044291687008
446,0.2263579699895323,-4.291032950193511,1,1.180724653257302
447,0,0,1,0
448,0,0,1,0
449,0.0933047821102655,5.828103582661385,0.01577211698872372,1.175478132778976
450,9.555848176237971e-17,8.29261633570124,0.003980659593332936,0.5805777459224981
451,5.114956077737342e-17,4.79321087262494,0.02857211657330416,0.3870589968879368
452,4.004733053112191e-17,2.943748839343598,0.08621043577105869,0.249354340585752
453,0.1560253818801,-0.2171684496287298,1,0.7045079829776051
454,9.555848176237971e-17,2.687223124163086,0.1011559622452284,0.2100135865658923
455,5.114956077737342e-17,1.673033948131341,0.1958526545210033,0.1068796853189745
456,0,0,1,0
457,2.731941657024047e-16,-0.4779135108490422,1,0.1084495193073747
458,0.09264420112716691,0.9339852107835256,0.3338295072311875,0.650916078495976
459,6.740639792367023e-18,2.748667034855044,0.09733554422278234,0.2648911220732775
460,0.1042392238312742,-3.609119973507536,1,0.4843159087251573
461,9.555848176237971e-17,6.19527265612345,0.0128091989020912,0.34763235849944
462,0.6839766343761782,0.02260393122573134,0.8804916124636339,2.914470475656989
463,0.4857306936199789,0.100859894887094,0.7508001567215213,2.684899033555058
464,9.555848176237971e-17,12.07016369995884,0.0005123520170494666,0.6932527407182433
465,0.1766722176827048,1.55602241817369,0.2122485664566535,1.254978238144932
466,0.177408289899998,-0.649001710646445,1,1.092208827355894
467,0.1849890515763816,2.445801171194177,0.1178397058258768,1.3839356618533
468,1.069149283323616,-1.101134918751498,1,4.869322144338586
469,0.2039184672991207,4.417111395419006,0.0355802203507668,2.229188158358518
470,1.843763237323921e-16,4.144358805385309,0.04177347318902991,0.6490079930680989
471,0,0,1,0
472,9.555848176237971e-17,1.58839540451542,0.207555535678428,0.1017423794586651
473,0,0,1,0
474,0.09719005799252796,-2.416711463701688,1,0.4813554727255639
475,0,0,1,0
476,9.555848176237971e-17,2.572264209034579,0.1087519740072225,0.3231466347736426
477,9.555848176237971e-17,3.836005972565527,0.05016288069781316,0.2069975740308883
478,2.287852447174094e-16,-5.922442055847775,1,0.1667076143691737
479,0.09617422390307637,0.751910590481021,0.3858719999486211,1.228217532450148
480,9.555848176237971e-17,3.687502385170752,0.05482165020000418,0.2104969806336926
481,4.004733053112191e-17,2.319798768733452,0.1277365500494707,0.1984037992240978
482,9.555848176237971e-17,-23.64969346612492,1,0.09602618216506013
483,9.555848176237971e-17,-2.831051127313113,1,0.9904048524728073
484,2.731941657024047e-16,-0.6972107273033714,1,0.1015629704079052
485,5.114956077737342e-17,4.332172041194802,0.03739849327840727,0.3035397991314334
486,5.114956077737342e-17,2.193200751301433,0.1386209911465472,0.1935363111732419
487,9.555848176237971e-17,-0.847185472807304,1,0.1034331765201939
488,3.17603086687411e-16,3.468835119713447,0.06253533458921146,0.3092638187709397
489,9.555848176237971e-17,7.472521414094317,0.006264775158138947,0.496622329495678
490,4.730343101349462e-16,4.413517004104925,0.03565525837879024,0.6248506270916755
491,0,0,1,0
492,6.740639792367023e-18,10.1993576342189,0.001404895828277852,0.8214179939395029
493,4.004733053112191e-17,3.491259287717618,0.0616936384522957,0.3544464831452375
494,5.114956077737342e-17,0.8739634428465628,0.3498603920310426,0.09595749468433716
495,9.555848176237971e-17,3.071765235955802,0.07966292564780597,0.1988212008101949
496,0.1821258317774933,-0.3165609558360032,1,0.9152245684334662
497,9.555848176237971e-17,4.775960269512982,0.02885974692718374,0.3164950614617427
498,0.1854329290613215,-13.97178664287837,1,0.9103425094691986
499,0,0,1,0
500,9.555848176237971e-17,9.548068848638895,0.002001598922535597,0.9188309172003979
501,0.3921111957768396,-5.661157740653636,1,1.803470021393998
502,0.1952909833696311,1.804785691849744,0.1791350032414685,1.613641676301279
503,0.1511870796131294,-0.6822119356856469,1,1.04686088555534
504,0.2724603765410539,-6.385137517794568,1,1.255585308940866
505,9.555848176237971e-17,9.06552577052825,0.002604736284674947,0.7444435473295544
506,0.4152035694442235,-2.171584895086518,1,1.951677414517669
507,0.3046279914084219,0.4304796055345292,0.5117537069688455,1.919657912117492
