fasta_position,fasta_aa,dN/dS,LRT,p-value,Total_branch_length
10,M,0.07091883514269458,-0.3433571389832757,1,1.61959979228648
11,S,0.2782402460063406,-1.256439168523961,1,1.155776401536694
12,L,1.254729660837381,0.1764236600213849,0.6744648780521512,5.164479079755752
13,P,0.6251469463005549,0.8741173757049552,0.3498179613325421,3.690415700554511
14,N,0.0851649777233974,2.998978568874357,0.08331702947868869,1.430521069048267
15,S,0.4208192237804018,-3.050236128503897,1,1.895766283701208
16,S,4.004733053112191e-17,5.637946449723525,0.01757578154035966,0.7529381009785029
17,C,0.7396252603140523,-15.04356071922957,1,3.013874237613134
18,L,2.02742837088913,2.637477786534788,0.1043691205618816,9.205867811503012
19,L,1.883276974525029,0.8211357782858357,0.3648483001891025,8.991366173258637
20,E,0,0,1,0
21,D,0.08168998579978914,-0.3928647462984856,1,2.066149426126631
22,K,0.5888238361276323,0.6025872284360432,0.4375925804721016,2.427625481637649
23,M,0,0,1,0
24,C,0.162388871694049,1.176560947601736,0.2780572319701516,1.304815000597383
25,E,9.555848176237971e-17,3.503222192521285,0.06124955054539738,0.3319760838393064
26,G,0.4233057349419163,-20.82089747530418,1,1.707831998534597
27,N,2.731941657024047e-16,4.288477196753201,0.03837151876239742,0.9717954476845407
28,K,0.2810817886065896,0.8032663947629715,0.3701185621088385,1.167948694884838
29,T,3.17603086687411e-16,4.606245987106462,0.0318556963460267,0.3140701951973571
30,T,0.5514555984701253,-0.3518024977666414,1,2.577412419837735
31,M,0.960006917384924,-0.5220211443894556,1,4.409662204198336
32,A,0.175009101500728,-2.469289975224676,1,1.978009114787691
35,S,0.9230774327745281,-3.745777606989662,1,4.025934450006197
36,P,0.6583159768865734,1.460440241068511,0.2268600868523311,3.962294430789954
37,Q,0.2192431713060558,4.906188917934813,0.02676062358063913,2.253901914330122
38,L,0.3648303106142888,-0.1564583105753599,1,2.08045290604311
39,M,0.5117731353976916,0.2071325641234409,0.649024214552696,2.469458204356067
40,P,9.555848176237971e-17,10.10698463889592,0.001477084403034068,0.6321194051802194
41,L,0.1508741396080537,-0.1938099563822036,1,1.275287417080339
42,V,0.09193025939308776,1.027696805692599,0.3107002363526564,0.6631488164992851
43,V,0.09353290733813618,0.4021560388527163,0.5259778841375807,0.7331825788067091
44,V,0.09284747616857623,-3.606503001166054,1,0.536083788172272
45,L,5.840566125974614e-16,4.967861763545677,0.02582255143874346,0.513356150234208
46,S,6.740639792367023e-18,7.233887001573148,0.007154014690756272,0.5491601926463855
47,T,0.7614719299814908,-14.46864862707756,1,3.071860323015996
48,I,0.3375917029240547,-0.04625875611250052,1,2.639096364671181
49,C,0.09588054964180899,0.4744020104587321,0.4909689780046912,0.9127052108950457
50,L,3.17603086687411e-16,-3.24271395311137,1,0.194590609274748
51,V,9.555848176237971e-17,2.632062392374582,0.1047256012529153,0.5616192034632205
52,T,3.17603086687411e-16,-15.86986692723842,1,0.09282526932983161
53,V,9.555848176237971e-17,5.402074952311114,0.02011282614731291,0.6829004714871374
54,G,0.4937055953805327,-23.92122536003417,1,2.067768547088405
55,L,0.1052829648435402,-6.305470525685454,1,1.769676713793654
56,N,0,0,1,0
57,L,0.2605765075976537,-1.247604134788048,1,1.095013747570881
58,L,9.555848176237971e-17,2.621840463587798,0.1054021244285047,0.3219161388658783
59,V,3.17603086687411e-16,1.909783084041564,0.1669873560913613,0.2009494694909187
60,L,3.17603086687411e-16,2.708476921777319,0.09981625033946884,0.3845779823425542
61,Y,0.2112633925572367,-5.113882750944676,1,1.00552226303624
62,A,9.555848176237971e-17,11.09030549710835,0.0008678018717442892,0.6303138363301248
63,V,0.09402632331165266,3.9369557922696,0.04723618392827345,0.9503028579420335
64,R,0.2291025561610403,-0.1524484068495866,1,1.494049740178362
65,S,0.271720773169151,3.565521734662013,0.05899119984615342,1.985495641395564
66,E,9.555848176237971e-17,4.056345090723397,0.04400564760714865,0.9265394001856191
67,R,0.3087322778383975,-11.56092586770573,1,1.271694072128088
68,K,4.004733053112191e-17,7.171230589819018,0.007408193960555032,0.6658848166427744
69,L,1.028145822447522e-15,-6.09003041972457,1,0.2048451598847617
70,H,0.08565789969097032,5.271625892749285,0.02167575819507772,1.111918201668798
71,T,9.555848176237971e-17,2.293390414170986,0.1299258375194549,0.4094997445306607
72,V,0,0,1,0
73,G,9.555848176237971e-17,13.8470732467046,0.0001983053560052905,0.9245640497791848
74,N,0,0,1,0
75,L,3.17603086687411e-16,4.182414833320657,0.04084546242482945,0.4328192434680934
76,Y,0,0,1,0
77,I,9.555848176237971e-17,8.316932336677873,0.003927719719556855,0.5308636968432996
78,V,0.1909571455353316,0.09602900627046296,0.7566480504191394,1.142238993309588
79,S,0,0,1,0
80,L,9.555848176237971e-17,3.510624131667193,0.06097648040624459,0.2899732819583595
81,S,5.840566125974614e-16,2.145033494348795,0.1430319148591497,0.4233167167156933
82,V,0.09238153296419147,1.775920246248198,0.1826510958252692,1.286796019060013
83,A,9.555848176237971e-17,3.540331321047162,0.05989349625100748,0.2748593168509094
84,D,4.004733053112191e-17,6.745908830790281,0.009396289924987977,0.4753214943540414
85,L,0.1510068152385819,-1.827558945023142,1,0.7639006553302485
86,I,9.555848176237971e-17,4.879368866533653,0.02717955548080297,0.4097625418549286
87,V,9.555848176237971e-17,5.29044693144122,0.02144271631900019,0.7313287830275573
88,G,5.840566125974614e-16,-6.762326061260026,1,0.1824015549492164
89,A,0.1741596447084205,3.153981359624837,0.07574194962478187,1.421880891367864
90,V,0.5015962700441342,0.5440492719656049,0.460759404766223,2.922674713327079
91,V,9.555848176237971e-17,0.898539377804962,0.3431736598027932,1.195735869629283
92,M,0,0,1,0
93,P,9.555848176237971e-17,1.523864171027263,0.2170356643154696,0.09181740493849207
94,M,0.235860902903075,0.07839528524202422,0.7794839643354731,0.9890293518924117
95,N,0.08113248359649193,0.942530377957187,0.3316279417476767,0.620893191530497
96,I,0.09097852675925218,0.1979080964211235,0.6564146952146308,0.5347800965825072
97,L,0.2373838875800073,-1.697254594232525,1,1.102677944370381
98,Y,9.555848176237971e-17,5.336012338238572,0.02088920463219324,0.4535786634717503
99,L,9.555848176237971e-17,0.5561150773372745,0.455829785796965,0.2375454503399398
100,L,1.381468560856065,2.70786787088403,0.09985437037848299,5.832567530375575
101,M,0.6016608121004886,-0.4262400119424186,1,3.680464237781867
102,S,0.5360167109893804,-0.2008871017901299,1,2.814435045727414
103,K,1.220127130815948,0.03493882285563643,0.851723910583823,5.584736408843255
104,W,0.1172605125801454,-0.5818012096243983,1,1.97876906957218
105,S,0.5458648225281524,-3.195045918765842,1,2.232632331288065
106,L,9.555848176237971e-17,3.861142474156708,0.04941666803416522,0.7504657915788682
107,G,0.2511402957621067,-1.647104242838729,1,1.255609902549509
108,R,0.1843428485146573,1.263616144017519,0.2609677122343911,1.245253616458106
109,P,0.2934090171572994,0.8510782437544364,0.3562474867764178,1.782867525369642
110,L,0.1042159078546201,-3.283666729656442,1,1.126646644731392
111,C,4.004733053112191e-17,1.893918109037514,0.1687606590153022,0.1000760252117195
112,L,0.1050256668236567,0.1576493639275185,0.6913299757254012,0.4917022978784436
113,F,9.555848176237971e-17,-6.950294219636767,1,0.1006833627717175
114,W,0,0,1,0
115,L,9.555848176237971e-17,7.178049858971981,0.007380088236005111,0.5319361285659406
116,S,9.555848176237971e-17,6.444376420000694,0.01113041041868268,0.4625464254858933
117,M,0,0,1,0
118,D,4.004733053112191e-17,3.628216510714498,0.05680766217043687,0.2959927566499975
119,Y,5.840566125974614e-16,-9.032391444746573,1,0.09073479508325512
120,V,9.555848176237971e-17,2.131554048550633,0.144294399067052,0.6283452035785544
121,A,4.004733053112191e-17,0.9780184600564716,0.3226885066195262,0.08958648146703882
122,S,4.004733053112191e-17,3.620584753932466,0.05706881116611973,0.1706431810631928
123,T,1.028145822447522e-15,-3.58513454789761,1,0.1647766882164569
124,A,9.555848176237971e-17,9.641170042183305,0.001902639999528333,0.5719348052085256
125,S,4.004733053112191e-17,5.60234201431658,0.01793648469880538,0.736834118648885
126,I,4.004733053112191e-17,2.805712898170999,0.09392908385523535,0.1922969101733865
127,F,9.555848176237971e-17,3.999243651591954,0.0455206867102308,0.2857408401563471
128,S,9.555848176237971e-17,8.827289957262579,0.002967587620676282,0.4308888848850772
129,V,4.004733053112191e-17,2.615694572246792,0.1058111860218519,0.5048122030955308
130,F,9.555848176237971e-17,0.466939460431437,0.4943985395892235,0.0918300390613741
131,I,9.555848176237971e-17,3.435574207201292,0.06380640147466221,0.2082151513978723
132,L,0.4223198726955668,-14.32094015556177,1,1.805862648352452
133,C,4.004733053112191e-17,7.829346020839395,0.005140469532700642,1.12590966240441
134,I,9.555848176237971e-17,2.556823822976739,0.109819016945948,0.1819855785713381
135,D,9.555848176237971e-17,4.375502512157617,0.03645907854746122,0.2837593487023229
136,R,6.740639792367023e-18,2.884805733722192,0.08941879085876014,0.4707208441547328
137,Y,4.004733053112191e-17,-0.2970353389288896,1,0.0848553575851324
138,R,4.004733053112191e-17,4.197743997048789,0.04047779515581218,0.2375454503399395
139,S,9.555848176237971e-17,4.08023328690075,0.0433876681190386,0.2630432366091885
140,V,0.09357934055776349,0.4739197161179263,0.4911894211889015,0.6032199288146437
141,Q,6.740639792367023e-18,2.756941073455577,0.09683322845503861,0.290643926766177
142,Q,5.114956077737342e-17,0.7829876484208533,0.376228965406867,0.1165633239622525
143,P,4.004733053112191e-17,3.751504087377793,0.05276001525002205,0.237117437683779
144,L,0,0,1,0
145,R,0.1877991909152834,-8.062787521561333,1,0.8978671739813775
146,Y,0,0,1,0
147,L,3.17603086687411e-16,6.314923306655679,0.01197259239176129,0.7225773206155471
148,K,0.3969862164888543,-0.2098465043513187,1,2.021039778329311
149,Y,9.555848176237971e-17,1.661271260189018,0.1974317683177642,0.6240641842907705
150,R,3.17603086687411e-16,-16.84817252011861,1,0.0953312674988028
151,T,0,0,1,0
152,K,6.740639792367023e-18,3.832724104451158,0.05026118278914249,0.741564813888936
153,T,2.731941657024047e-16,-0.7148127505307471,1,0.0967440755196462
154,R,3.17603086687411e-16,2.572197316125859,0.1087565721491232,0.2787059076276783
155,A,9.555848176237971e-17,8.264248655583167,0.004043339123796286,0.462644080673009
156,S,0.3088404121214438,-8.254895529763814,1,1.640528641249275
157,A,0.750788340446998,-0.3288497000479822,1,4.174642218996818
158,T,5.114956077737342e-17,1.533667898844584,0.2155627922218416,0.9708432735976964
159,I,5.114956077737342e-17,1.458311054406934,0.2271990409879941,0.0875927748880632
160,L,0.1409113510728762,-26.77080772156225,1,0.6339757453802387
161,G,0.2525174275509783,4.603254983978516,0.03191131430948047,2.139186693261187
162,A,0.08211549370964048,0.1030293188420508,0.7482241798188691,1.05354505497031
163,W,0,0,1,0
164,F,0.1926648498187086,-1.513732423367664,1,0.9048536899659524
165,L,0.2223535593442008,-1.650436347640714,1,1.215255548855605
166,S,0.2022880325774241,1.752771582208979,0.1855286849986016,1.449193627338675
167,F,0.1913158527621114,0.6662992029560613,0.4143448565210487,1.240603156341805
168,L,4.730343101349462e-16,5.27835475280844,0.02159214180031011,0.6869342765117078
169,W,0,0,1,0
170,V,0.5863624765362658,-4.331437486079992,1,2.640927950803268
171,I,9.555848176237971e-17,11.45837846089066,0.0007117237679054034,1.015513891105373
172,P,9.555848176237971e-17,6.5553333505339,0.01045702470094723,0.4028639011721595
173,I,9.555848176237971e-17,6.032534260724567,0.01404455496097212,0.3778559369479688
174,L,0.4300121240977186,-16.68201148785111,1,1.923798122711459
175,G,0.1531912139350974,6.076273157229551,0.01370095163391982,1.997908367238303
176,W,0,0,1,0
177,N,0.6228795567429974,0.7287029283361619,0.3933039432846746,2.892081266046804
178,H,0.5067384660054386,-0.00517614039529235,1,2.6047596595569
179,F,9.555848176237971e-17,9.975858405949744,0.001586060352175345,0.6495278408569305
180,M,1.457794750724815,1.196302760196076,0.2740618916229933,6.106450448273907
181,Q,1.808186789830182,-0.4930448703465657,1,8.615502336705987
182,Q,2.14970715797539,0.1894435089835298,0.6633801842475633,10.68534675925465
183,T,1.234290901891668,-0.9357493561912804,1,7.259930200382299
184,S,1.040095764483985,0.1069451869763327,0.7436491658951647,5.567554473268048
185,V,1.836080052569938,-0.07498739874560556,1,8.611397545605529
186,R,1.852197495239432,-0.4206885580688038,1,9.470956687411341
187,R,0.4479957793180379,-0.1733084024421743,1,3.689038227425609
188,E,0.8005670762496407,0.04198892128464138,0.8376408918384308,3.914554395835706
189,D,0.2414523447582492,0.6662092093296721,0.414376379450801,1.969652496415746
190,K,0.0853138775720066,-0.921209756918234,1,0.7152487706870364
191,C,2.731941657024047e-16,0.02205718736419016,0.881935068033613,0.09611503930011316
192,E,0,0,1,0
193,T,5.114956077737342e-17,3.478332214520407,0.06217737533702805,0.2374838496409777
194,D,9.555848176237971e-17,2.744091536746044,0.09761454133326941,0.1454247820611888
195,F,9.555848176237971e-17,2.592008921203,0.1074040315232782,0.1837440338930314
196,Y,9.555848176237971e-17,-4.420467861629461,1,0.1042525591645683
197,D,0.1878987659809687,1.129366431389705,0.2879105206102156,1.216637168861024
198,V,0,0,1,0
199,T,5.114956077737342e-17,6.680140399804987,0.00974929451617268,0.4562972488757422
200,W,0,0,1,0
201,F,0,0,1,0
202,K,9.555848176237971e-17,4.469323126825362,0.03450865965747729,0.2698605874506586
203,V,0.8328186899802876,0.5381840876951998,0.4631862752383983,3.37658937792692
204,M,0,0,1,0
205,T,5.840566125974614e-16,13.60917151011436,0.0002250831988769297,0.8579852209803943
206,A,5.114956077737342e-17,2.609668873429083,0.1062139382644728,0.7087093427528155
207,I,9.555848176237971e-17,0.3292219550406763,0.5661175887071883,0.08461834186793094
208,I,9.555848176237971e-17,2.680559758670018,0.1015800171016055,0.1977031525203796
209,N,0,0,1,0
210,F,9.555848176237971e-17,0.7066655638963653,0.400552991301443,0.0987195454157762
211,Y,4.004733053112191e-17,2.369519100346629,0.1237251603795209,0.2119831466824057
212,L,9.555848176237971e-17,3.402236300575076,0.06510809359387526,0.3533467176857521
213,P,9.555848176237971e-17,5.082637652701706,0.02416657866886629,0.4205975718179189
214,T,9.555848176237971e-17,2.697546155811999,0.1005028227954382,0.1834918093139263
215,L,0.4558281963497097,-4.750710136431117,1,2.01603101164759
216,L,9.555848176237971e-17,7.928935191750231,0.004865041882047727,0.8811029724490066
217,M,0,0,1,0
218,L,5.840566125974614e-16,5.755967127331971,0.01643274736540123,0.4369190200867617
219,W,0,0,1,0
220,F,4.004733053112191e-17,5.551571056101412,0.01846410687309374,0.4398082712321568
221,Y,2.731941657024047e-16,-2.149439856432146,1,0.2070164788494024
222,A,0.8051967100289962,0.066600099500846,0.7963529220581689,3.704720043902002
223,K,0.1969741731592359,-0.6749505147463211,1,1.752603988222596
224,I,6.740639792367023e-18,3.025031127746665,0.08198874766249076,0.3014687215434121
225,Y,5.114956077737342e-17,1.344741394493541,0.2461995414553362,0.09591276059568506
226,K,0.1711106187492647,-1.148123617748567,1,0.7669289902279576
227,A,3.17603086687411e-16,1.515538878384973,0.2182958442635632,0.2921193560190404
228,V,3.17603086687411e-16,8.968991931494045,0.002746000628584766,0.6498653436597467
229,R,0.4184545199661124,0.3145058995916941,0.5749282581774959,2.561873297379111
230,Q,0.3697040168910513,0.2589740385937063,0.6108258816690855,2.08009900380625
231,H,9.555848176237971e-17,8.866453095260738,0.002904589481937614,0.6557109132467168
232,C,2.731941657024047e-16,5.554395729455607,0.01843433541252082,0.2959176497062629
233,Q,3.17603086687411e-16,2.704910764488076,0.1000396795834579,0.2604901061397157
234,H,0.08421222515116596,-0.03965727663766216,1,0.4399563093352091
238,R,3.17603086687411e-16,-5.768064408078899,1,0.09729873227565213
239,E,0.1803393449885917,0.3725536615355054,0.5416155837410408,1.146204444585492
240,L,0.10374865273973,0.4342800282513615,0.5098962421519074,0.6982088734357136
241,I,0.3977593888029332,-0.5320320982739446,1,1.723576215982602
242,N,0.2525161598882859,0.2580999348691151,0.6114285401702841,1.489503936028225
243,R,0.3936926050858678,-1.707939219965766,1,2.171274754287269
244,S,9.555848176237971e-17,5.235986059425795,0.02212426372387688,1.090691571937976
245,L,0.1039583418283911,-0.5936851362145958,1,0.5859374280953512
246,P,9.555848176237971e-17,5.11440513928553,0.02372799967496297,0.3227855691928137
247,S,0.3094148429912612,-0.05310171924740814,1,1.435422070862928
248,F,1.18952466924124e-18,3.537980382519873,0.05997845020789583,0.3971533569733736
249,S,0.2359766081253761,-8.885129687375212,1,1.004968872203281
250,E,0.1674599668439205,1.794361562131662,0.1803956520225802,1.225003906508351
251,I,0.7457854043237565,-3.513569675881328,1,3.266650451688978
252,K,0.3609008261913562,0.09548523799072228,0.7573163104169465,2.511100518719836
253,L,0.8053189208706151,1.827608891727287,0.1764102325993603,3.602252216606947
254,R,0.8808207286736689,0.5043720711970536,0.4775853455789801,3.903573695348343
255,P,0.3214794162955311,1.836912439221173,0.1753132598570926,2.25786687073063
256,E,0.1670382041832048,0.4580217416893149,0.4985499689418688,1.364124205769951
257,N,0.1699051477824161,-1.822947314727195,1,0.9317905724597839
258,P,0.8039068676707477,1.705837477863383,0.1915263284176681,3.613324028374166
259,K,0.08690832604981501,1.504070431387309,0.2200461203076542,1.079319051829094
260,G,0.8773619440790462,-11.02320466058313,1,3.550495751797549
261,D,0.6151101296603739,1.153605604867522,0.2827956403630912,3.748702876553803
262,A,0.9011320081141553,-0.5443888173494003,1,4.516962242291181
263,K,0.2838045877581677,1.177164348598922,0.2779340348004027,2.472920437073295
264,K,0.08412872701311859,3.024970673885989,0.0819918032924043,0.8440494339880917
265,P,0.6056156549679192,-8.318065055626022,1,2.646835768824375
266,G,0.3274635822236168,0.08430537872492039,0.7715455189298154,2.400212303244134
267,K,0.2790864482862306,-0.5115969062289025,1,1.5784915470192
268,E,0.2528341066758691,0.4340293385187479,0.5100184077378229,1.716330520116997
269,S,0.2025543548232973,-0.6330039782067942,1,1.169941913927623
270,P,0.6481920553896163,-0.2987472031503771,1,3.079840925083167
271,W,0.4242915205674669,0.5459786740651467,0.4599654770521614,2.50953475850401
272,E,0.1698074282334557,3.976716524154426,0.04613341001392557,1.403543981754656
273,V,0.5055776693354749,-0.8306306708973707,1,2.659093611510338
274,L,0.8413381809389638,0.3437224933701373,0.5576883688199367,3.715139611230963
275,K,5.114956077737342e-17,4.675567072508063,0.03059460049698137,0.8776571469825326
276,R,0.07670389887437833,0.2197742441550616,0.6392119868744954,0.4538512047017504
277,K,0.7141295285570112,-1.962219180797931,1,2.892625252490673
278,P,0.8873271333860444,-0.02572548887314952,1,4.34163162205309
279,K,0.1713949951370873,-3.267602400997085,1,1.795766551688429
280,D,9.555848176237971e-17,4.488809156329957,0.03411743558399383,0.2418760669267028
281,A,0.3818658352778569,-16.87936736654753,1,1.638024344624365
282,G,0.54193805019462,-0.7359713781940229,1,3.186671699254797
283,G,0.1907034898405911,0.5291068911224954,0.4669825832000065,1.424413811317326
284,G,0.3204361406169627,-3.458897898462709,1,1.578195430480076
285,S,0.6346348292359991,-0.08158114971067221,1,3.190374605109094
286,V,0.7497119126675043,0.01570827616346548,0.9002601955167822,3.742576276298017
287,L,0.9611702083065026,-0.05025074765402593,1,4.649361115949899
288,K,0.271896751127382,-2.021375257298338,1,2.278086476986131
289,S,0.5218890368020223,0.3989363582441854,0.5276390775745421,2.30847752001967
290,P,0.4809824640973838,-0.3205006104222008,1,2.407787807610698
291,S,0.665303606328169,-1.454208502892698,1,2.97698974139387
292,Q,0.6121272455548078,-1.166747928350695,1,3.290454025871143
293,T,0.8920293787146863,0.5831005805594884,0.4450995522629426,4.01219569877044
294,P,0.5017604074140296,0.8021904353094413,0.3704392713213154,2.980825446710941
295,K,1.935564647542353,-0.2987221039638825,1,8.279513220514167
296,E,0.1684472706614069,-0.05691352926996274,1,3.088247796338069
297,M,0.6517545807765959,0.5841968937188895,0.444671958583654,2.784702704885363
298,K,0.6576202960790278,-0.02191232442768865,1,3.323060558531676
299,S,0.2155715078897671,3.544829714271138,0.0597312979887521,1.71147472105879
300,P,0.09365563717671341,5.630807003305179,0.01764750523240555,1.219067749157896
301,V,1.33941009852728,3.90976766930963,0.04800623342390431,5.629780718133224
302,V,0.8238296654709181,-0.0008111008501288097,1,4.339974097257854
303,F,0.4252791751007524,0.8051036477126914,0.3695718299816124,2.896952876342849
304,S,0.2800868609450488,1.226184595637214,0.2681503286339015,1.78394696274482
305,Q,0.3401763209928413,-1.23791756549528,1,1.837535987894911
309,E,0.3705164713556852,0.4342123398833877,0.5099292229182776,1.706550512739074
310,D,0.3551131652956637,-1.606941293672165,1,1.781394751596807
311,D,0.6417102831822098,-0.3066154210992096,1,3.19286564928039
312,R,0.6438866690242688,-0.6956259572099839,1,3.394443002046343
313,E,0.1766746520088389,1.831948073959879,0.1758976219754477,1.37696523106019
314,V,0.8773685194747571,-6.065553635047138,1,3.774465926838396
315,D,0.8692707945423136,-1.655742476168399,1,4.761660699596415
316,K,0.2810432196755042,-0.1217404287532347,1,1.948067966743408
317,L,1.078926168752019,-3.067549874949663,1,4.56300455151607
318,Y,0.5896976812642676,0.7621375536761263,0.3826604075184593,3.713978842875858
319,C,0.2987094981167782,1.502600496115981,0.2202716663510945,2.108510503661174
320,F,0.3435764730699977,-0.4020274051408705,1,1.892927919801938
321,P,0.2224185726518388,2.170976256166341,0.1406369282655426,1.666299614187159
322,L,0.5522787626002239,-0.1964069242052773,1,2.726877883284266
323,D,0.7096484173235211,-0.05313632484205755,1,3.487269201840259
324,I,1.493412862489588,0.6695150028901651,0.413220750242232,6.661708414257881
325,V,0.6056156549679192,-1.142678044181679,1,4.062675041577021
326,H,0.6151101296603739,-0.09666072473120835,1,3.162161327785421
327,M,1.667869597166727,-0.7485407280385061,1,7.290391317142011
328,Q,0.8279547943930406,-1.413516214064245,1,5.159402503551935
329,A,1.179602990690027,0.2600983453789354,0.6100525983002985,5.493619494478733
330,A,1.037295985913674,-0.8067138723087766,1,5.358556430569934
331,A,0.5830528655800088,0.08441792246448188,0.7713973217295306,3.24285462780099
332,E,0.2734645902579178,-1.577213993447486,1,1.892158340331763
333,G,0.2486755400431392,-0.4002234213645437,1,1.25255988912185
334,S,0.9640063243709258,-2.164859321000463,1,4.094490140301998
335,S,1.054326963283868,0.1733685202169255,0.6771352857240531,5.239488612290976
336,R,0.8483270424805054,-0.101195484509546,1,4.507628513397813
337,D,0.6904892944719716,-0.5520445274818684,1,3.740462297347804
338,Y,0.8169468504655024,0.4022106858712533,0.5259497695653013,4.579589438600911
339,V,1.28458226236855,0.03383188026234052,0.8540648821572017,6.467134527107497
340,A,0.176388036278935,3.549932339666221,0.05954787826198915,2.146967261642382
341,V,2.131135503796378,2.889550067338618,0.0891558209790575,8.603704587621055
342,N,0.8288717431533094,1.348743328076907,0.2454979301248393,5.403518815115067
343,R,0.5922999049520048,-1.416090912707155,1,3.637048598705205
344,S,1.07301059938287,1.084485055438606,0.2976963808208556,4.754426435731019
345,H,0.8466143264954968,-0.001718459969744401,1,4.471482012257851
346,G,0.807776829950343,-0.2269280175343624,1,4.235949774356563
347,Q,0.2281335454380264,1.862810556428371,0.172300771995484,1.838975004069331
348,L,0.2667041264195413,-1.769450199773132,1,1.527651669164162
349,K,0.8002002722802914,-0.2038917215796658,1,3.994749929068635
350,T,1.621307260884785,0.5311829246496984,0.4661099576420767,7.344761638743733
351,D,0.8873271333860444,-0.7027592136055318,1,5.284023967828802
352,E,0.3361372252197332,0.9433603121820155,0.3314151511081033,2.469432121606692
353,Q,0.8675601918917514,-0.94601280926463,1,3.886937261881514
354,G,0.5535921125626914,0.1788069374323129,0.6724005507152593,3.280247457101324
355,L,0.3024596445939989,-0.1363532558745248,1,1.965393743217608
356,N,0.9065519461147621,0.2668501063631936,0.6054526172745746,3.958677767126608
357,T,0.6622394767386289,-0.2912944775287514,1,3.661948618993955
359,H,0.8818409969765529,-3.046036127419654,1,6.937541107533313
360,G,1.315970153974143,0.09530631622645558,0.757536650639484,6.324066226997258
361,A,0.4165870124424207,2.245397427137817,0.1340124734375973,3.237579894689936
362,S,0.6990940479840209,-1.820887082098793,1,3.530011126469527
363,E,0.2863863217837049,3.728830342008713,0.05348083204676679,2.419865596088211
364,I,1.614964079721645,-0.1139077316190082,1,6.893117083059033
365,S,0.6477944859452001,-4.156061990356179,1,4.406054926686152
366,E,0.08285304356610025,-2.155270555661922,1,1.112476158693989
367,D,0.2605560605071485,-15.55715041041328,1,1.087585565733171
368,Q,1.011942875464515,0.7923159957861614,0.3734007367953648,4.637803804625386
369,M,0.7791212020243846,-1.374034144530043,1,4.12391792561206
370,L,0.6283522694329622,1.879686199320631,0.1703698175828495,4.096694987725185
371,G,0.2705612808304311,1.636843184008015,0.2007591467285296,2.548386210677489
372,D,0.3566318112211641,-2.295973165230947,1,1.953103883206172
373,S,0.4414981318799358,0.4685046075876542,0.4936759245621537,2.72927906581705
374,Q,0.2872432454264022,0.7269291736107419,0.3938803774362735,1.785018352152864
375,S,0.2092123494597612,0.9864868500621427,0.3206025376155572,1.606858357352546
376,F,0.6734418728167834,-2.796510738197099,1,2.983032297216193
377,S,0.567805153551447,0.4033009303826844,0.5253894240663417,3.265055342986196
378,R,1.274900883954354,-1.395986958212944,1,5.774244516391528
380,T,0.3247755515070735,-3.589712233129816,1,3.43795465523359
382,D,0.3454099416055768,0.1603173813631997,0.6888644795388534,1.925880378192842
383,S,0.6967362030528002,-3.554696494163238,1,3.358825294615973
384,D,0.2637518917250556,5.899818966932934,0.01514244109252338,2.365079339876345
385,T,0.425331003284988,0.5196908422841275,0.4709735897046889,2.463740851953319
386,T,0.8234864767981374,-0.09856651368841085,1,3.888392379640939
387,T,0.3226628569292603,2.389533786864433,0.1221500525730241,2.304411877495295
388,E,0.3737756778015611,0.814882495577173,0.3666806653559046,2.213118578342675
389,T,0.4322379829292076,0.2188169512790097,0.6399428243396812,2.385393682625907
390,A,0.6108219295756776,-0.2830596136098933,1,3.063947030706624
391,P,1.274900883954354,-6.75643053180616,1,5.761037652023916
392,G,0.6598710505735168,3.49468670084066,0.06156605640842816,4.879974765263692
393,K,0.6550516898106927,-1.981097219555522,1,3.944249379001868
394,G,0.4365591752359422,-0.2938150532221186,1,2.426934292622529
395,K,0.299540120395083,0.2901143788823646,0.5901472429641765,1.694468714564754
396,L,1.929056177380226,-9.586325685441395,1,7.933241947035729
397,R,0.2703263526359237,0.9950347911023059,0.3185149332275027,3.550273444870813
398,S,0.2480541881237318,1.404882739297243,0.2359077487282929,1.652390225753232
399,G,0.271881018769552,0.2874298934556663,0.5918722419032132,1.544769048861873
400,S,0.2129082722980915,0.5348173107165479,0.4645885735102973,1.279744773679822
401,N,0.9792424817628428,1.907015528372725,0.1672951558406148,4.216680254155357
402,T,0.7641667413221603,-0.01926743385124041,1,3.999678312479281
403,G,0.1641715418695417,-4.102305389638598,1,1.648034777766225
404,L,9.555848176237971e-17,1.28187090684748,0.2575514615166485,0.1696873633001195
405,D,0.1632629335858821,-4.005144957132984,1,0.7237715940439431
406,Y,9.555848176237971e-17,5.247020475933169,0.0219843841320424,0.3895320781149567
407,I,0.1311972901295665,0.175455336597615,0.6753082992570978,0.882862613982697
408,K,0.1923115071010222,-2.826840969755622,1,0.9546747035092413
409,F,0.671867033018884,0.008948481905697747,0.9246353967552271,3.103391803151302
410,T,0.09182694106214655,7.213808302076551,0.007234483060652774,1.22035612505348
411,W,0,0,1,0
412,K,0.08850789505659559,3.134724661598685,0.07664132689982239,1.069093705510529
413,R,3.17603086687411e-16,4.201885787061656,0.04037905246015672,0.3022181943067337
414,L,0.3504315758678517,-10.08125591177725,1,1.604026085439417
415,R,9.555848176237971e-17,8.849895956198164,0.002931055990623266,1.074742439881201
416,S,0.2442723184445734,-4.73176672619374,1,1.201147233005174
417,H,6.740639792367023e-18,9.505693560526847,0.002048353214408993,0.7245619618307908
418,S,5.840566125974614e-16,-3.742435088248484,1,0.3551656140619457
419,R,0.08308602352976317,-0.1725627011172364,1,1.404044713273619
420,Q,0.1165061875620156,0.1622325452832065,0.6871093294344177,0.6770433388177233
421,Y,0.2263579699895323,-7.167428797165961,1,1.111090891124108
422,V,0.7227514382796205,-0.04079918224255152,1,3.762723955518478
423,S,0.2708812541419626,2.221008464136645,0.1361441051176683,1.965506021664528
424,G,9.555848176237971e-17,10.65437388606242,0.001098109108441214,0.7659822537293991
425,L,0.1457403935854849,-1.112462695959728,1,0.8933056902856058
426,H,0.08750116773750377,1.467204562472524,0.2257872692520607,0.9574736593742218
427,M,0.5593909145352738,-0.2967099715970392,1,2.339407992163294
428,N,0.08400216869313029,-1.596142837517551,1,1.028997517417517
429,R,9.555848176237971e-17,-11.58593767258544,1,0.09728205519133563
430,E,5.114956077737342e-17,9.473456799644314,0.002084661760504591,0.7000157593854901
431,R,9.555848176237971e-17,4.862229154929338,0.02745084620673188,0.3252603341949843
432,K,9.555848176237971e-17,4.244531302650891,0.03937693738514458,0.2662295584156834
433,A,9.555848176237971e-17,-4.269561721051858,1,0.1997112767186494
434,A,1.843763237323921e-16,2.449917478821064,0.1175310468288988,0.698685241486095
435,K,9.555848176237971e-17,-1.538795129983036,1,0.0864983719581662
436,Q,5.840566125974614e-16,1.805654310891079,0.1790304166978595,0.2904624897924128
437,L,5.840566125974614e-16,5.724045174297785,0.01673413364562726,0.6026852376640778
438,G,4.004733053112191e-17,12.03166792750294,0.0005230425144782114,0.7208894119454167
439,F,0.3215031904799721,-1.087189868596859,1,1.700779358373005
440,I,9.555848176237971e-17,3.312316436058982,0.06876250104282233,0.7381412200967219
441,M,0,0,1,0
442,A,9.555848176237971e-17,-7.054829381879081,1,0.100984456649845
443,A,4.004733053112191e-17,5.518938481956774,0.01881167050000143,0.4738030084148793
444,F,0,0,1,0
445,I,3.17603086687411e-16,2.023644372384268,0.154867068404733,0.1767515645035102
446,L,0.2267607292762402,-4.286700344199318,1,1.180352279259714
447,C,0,0,1,0
448,W,0,0,1,0
449,I,0.09362610298808542,5.822837373558393,0.0158194057568124,1.175466287560093
450,P,9.555848176237971e-17,8.3003721719206,0.003963695490371344,0.580960563851585
451,Y,4.004733053112191e-17,4.790602877862923,0.02861540913520899,0.3868678670396746
452,F,6.740639792367023e-18,2.944077414344205,0.08619290425491266,0.2494415809499179
453,I,0.1563911042611976,-0.2169636586714887,1,0.7045588542212468
454,F,6.740639792367023e-18,2.688349301660647,0.1010844839473292,0.2102115214844418
455,F,4.004733053112191e-17,1.672442717045865,0.1959316719350415,0.1068419199451439
456,M,0,0,1,0
457,V,9.555848176237971e-17,-0.4817646698408566,1,0.1084013471812721
458,I,0.09286466911899967,0.9311033461501097,0.3345763853614458,0.6506646883645931
459,A,4.004733053112191e-17,2.748133431008419,0.09736803660132576,0.2649192762485252
460,F,0.104455065076388,-3.609447716540487,1,0.484254857330791
461,C,9.555848176237971e-17,6.191652153449077,0.01283543015263144,0.3475371435321884
462,K,0.684183933937885,0.01969649696684428,0.8883880363188772,2.908936632568447
463,N,0.4871914411361082,0.1006324924913571,0.7510719345936938,2.68666351235361
464,C,3.17603086687411e-16,12.05547736024818,0.0005164042290994875,0.692511569605095
465,C,0.1772860082455425,1.557134961107494,0.2120852106572683,1.256339259604927
466,N,0.1778403721842157,-0.6592218814599988,1,1.091911754396845
467,E,0.1854142178692673,2.4457150040746,0.1178461765855674,1.384174910555408
468,H,1.070581268190604,-1.104980209140663,1,4.864796244394897
469,L,0.2044210749378629,4.414774231035032,0.03562899316849166,2.228676675787094
470,H,9.555848176237971e-17,4.144594681323063,0.04176765353506351,0.6493174509735247
471,M,0,0,1,0
472,F,9.555848176237971e-17,1.588598408900928,0.2075264964830146,0.1017533062872084
473,T,0,0,1,0
474,I,0.09738843001778666,-2.414815442427454,1,0.4813550964639792
475,W,0,0,1,0
476,L,9.555848176237971e-17,2.573033033153109,0.108699141249028,0.3232094508436672
477,G,5.114956077737342e-17,3.833345798820076,0.05024254550405116,0.2069738128833916
478,Y,3.17603086687411e-16,-5.913438244992285,1,0.1668353675161141
479,I,0.09637856382875737,0.7501858353306474,0.386417400636501,1.228095047747674
480,N,4.004733053112191e-17,3.684249073719201,0.05492870045413001,0.2103458154006741
481,S,5.114956077737342e-17,2.319135573628373,0.1277910243134402,0.1982195846421961
482,T,3.17603086687411e-16,-23.64909394403324,1,0.09598911687570572
483,L,9.555848176237971e-17,-2.830889896094867,1,0.9903438888691518
484,N,3.17603086687411e-16,-0.6994062175036788,1,0.1015395050134023
485,P,5.114956077737342e-17,4.334605605636849,0.0373450669039298,0.3036166016466125
486,L,5.114956077737342e-17,2.192536508832507,0.1386807710252916,0.1933703529902914
487,I,3.17603086687411e-16,-0.8478320196494664,1,0.103432991618218
488,Y,3.17603086687411e-16,3.466032275344276,0.06264139696990456,0.3092065368959639
489,P,9.555848176237971e-17,7.474009789919783,0.006259598273689715,0.4963073250116155
490,L,5.840566125974614e-16,4.409917438067481,0.03573057039064376,0.6245240737410265
491,C,0,0,1,0
492,N,6.740639792367023e-18,10.19424798943717,0.001408794003101788,0.8211041133921617
493,E,4.004733053112191e-17,3.491301497400325,0.06169206552777062,0.3545100866147719
494,N,5.114956077737342e-17,0.8750969008055876,0.3495481248725363,0.09600603307223293
495,F,1.843763237323921e-16,3.073521157025915,0.07957693662274101,0.1989226685491602
496,K,0.1825431881286288,-0.3171694610114173,1,0.9152765070530686
497,K,4.004733053112191e-17,4.77282450060838,0.02891235458854025,0.3162152613532514
498,T,0.1857815690718922,-13.98144497034568,1,0.9099620774273179
499,F,0,0,1,0
500,K,5.114956077737342e-17,9.547995139450368,0.002001679302157444,0.9186843347576744
501,R,0.3929582684364237,-5.662863220468068,1,1.803441605541535
502,I,0.195726110311846,1.803009048993459,0.1793491408722583,1.613010210509135
503,L,0.1514543565561257,-0.6797276283415918,1,1.046010112321061
504,H,0.2729376444732903,-6.378887315121339,1,1.255249387934047
505,I,6.740639792367023e-18,9.061793786610465,0.002610057972528446,0.744223138121477
506,R,0.415997715481464,-2.174636840679753,1,1.950807359346652
507,S,0.3051369859328373,0.4300987080373417,0.5119405177321145,1.918768217503304
